Participant: ,Default, ,Video:
Audio Order
A01_exp_1,
A02_exp_2,
A03_xp_3,
A04_exp_4,
A05_ppt_1,
A06_ppt_2,
A07_ppt_3,
A08_ppt_4,
Timestamp,VideoClip,AudioClip,Headrotatin X,Headrotatin Y,Headrotatin Y,GazeObject
2024-03-13 19:32:03.124,0,0,0
2024-03-13 19:32:03.130,0,0,0
2024-03-13 19:32:03.138,0,0,0
2024-03-13 19:32:03.144,0,0,0
2024-03-13 19:32:03.148,0,0,0
2024-03-13 19:32:03.152,0,0,0
2024-03-13 19:32:03.155,0,0,0
2024-03-13 19:32:03.159,0,0,0
2024-03-13 19:32:03.162,0,0,0
2024-03-13 19:32:03.166,0,0,0
2024-03-13 19:32:03.168,0,0,0
2024-03-13 19:32:03.171,0,0,0
2024-03-13 19:32:03.175,0,0,0
2024-03-13 19:32:03.179,0,0,0
2024-03-13 19:32:03.182,0,0,0
2024-03-13 19:32:03.186,0,0,0
2024-03-13 19:32:03.191,0,0,0
2024-03-13 19:32:03.193,0,0,0
2024-03-13 19:32:03.197,0,0,0
2024-03-13 19:32:03.199,0,0,0
2024-03-13 19:32:03.202,0,0,0
2024-03-13 19:32:03.206,0,0,0
2024-03-13 19:32:03.210,0,0,0
2024-03-13 19:32:03.213,0,0,0
2024-03-13 19:32:03.215,0,0,0
2024-03-13 19:32:03.218,0,0,0
2024-03-13 19:32:03.222,0,0,0
2024-03-13 19:32:03.225,0,0,0
2024-03-13 19:32:03.228,0,0,0
2024-03-13 19:32:03.231,0,0,0
2024-03-13 19:32:03.234,0,0,0
2024-03-13 19:32:03.237,0,0,0
2024-03-13 19:32:03.241,0,0,0
2024-03-13 19:32:03.244,0,0,0
2024-03-13 19:32:03.247,0,0,0
2024-03-13 19:32:03.249,0,0,0
2024-03-13 19:32:03.253,0,0,0
2024-03-13 19:32:03.256,0,0,0
2024-03-13 19:32:03.258,0,0,0
2024-03-13 19:32:03.261,0,0,0
2024-03-13 19:32:03.264,0,0,0
2024-03-13 19:32:03.267,0,0,0
2024-03-13 19:32:03.270,0,0,0
2024-03-13 19:32:03.273,0,0,0
2024-03-13 19:32:03.275,0,0,0
2024-03-13 19:32:03.278,0,0,0
2024-03-13 19:32:03.282,0,0,0
2024-03-13 19:32:03.285,0,0,0
2024-03-13 19:32:03.287,0,0,0
2024-03-13 19:32:03.289,0,0,0
2024-03-13 19:32:03.293,0,0,0
2024-03-13 19:32:03.295,0,0,0
2024-03-13 19:32:03.298,0,0,0
2024-03-13 19:32:03.300,0,0,0
2024-03-13 19:32:03.304,0,0,0
2024-03-13 19:32:03.307,0,0,0
2024-03-13 19:32:03.310,0,0,0
2024-03-13 19:32:03.314,0,0,0
2024-03-13 19:32:03.317,0,0,0
2024-03-13 19:32:03.319,0,0,0
2024-03-13 19:32:03.321,0,0,0
2024-03-13 19:32:03.324,0,0,0
2024-03-13 19:32:03.326,0,0,0
2024-03-13 19:32:03.329,0,0,0
2024-03-13 19:32:03.332,0,0,0
2024-03-13 19:32:03.334,0,0,0
2024-03-13 19:32:03.338,0,0,0
2024-03-13 19:32:03.341,0,0,0
2024-03-13 19:32:03.344,0,0,0
2024-03-13 19:32:03.347,0,0,0
2024-03-13 19:32:03.350,0,0,0
2024-03-13 19:32:03.353,0,0,0
2024-03-13 19:32:03.356,0,0,0
2024-03-13 19:32:03.358,0,0,0
2024-03-13 19:32:03.361,0,0,0
2024-03-13 19:32:03.363,0,0,0
2024-03-13 19:32:03.365,0,0,0
2024-03-13 19:32:03.367,0,0,0
2024-03-13 19:32:03.370,0,0,0
2024-03-13 19:32:03.373,0,0,0
2024-03-13 19:32:03.376,0,0,0
2024-03-13 19:32:03.379,0,0,0
2024-03-13 19:32:03.382,0,0,0
2024-03-13 19:32:03.385,0,0,0
2024-03-13 19:32:03.388,0,0,0
2024-03-13 19:32:03.391,0,0,0
2024-03-13 19:32:03.394,0,0,0
2024-03-13 19:32:03.396,0,0,0
2024-03-13 19:32:03.400,0,0,0
2024-03-13 19:32:03.403,0,0,0
2024-03-13 19:32:03.407,0,0,0
2024-03-13 19:32:03.409,0,0,0
2024-03-13 19:32:03.411,0,0,0
2024-03-13 19:32:03.414,0,0,0
2024-03-13 19:32:03.417,0,0,0
2024-03-13 19:32:03.419,0,0,0
2024-03-13 19:32:03.423,0,0,0
2024-03-13 19:32:03.426,0,0,0
2024-03-13 19:32:03.427,0,0,0
2024-03-13 19:32:03.431,0,0,0
2024-03-13 19:32:03.433,0,0,0
2024-03-13 19:32:03.437,0,0,0
2024-03-13 19:32:03.440,0,0,0
2024-03-13 19:32:03.443,0,0,0
2024-03-13 19:32:03.445,0,0,0
2024-03-13 19:32:03.448,0,0,0
2024-03-13 19:32:03.450,0,0,0
2024-03-13 19:32:03.453,0,0,0
2024-03-13 19:32:03.455,0,0,0
2024-03-13 19:32:03.458,0,0,0
2024-03-13 19:32:03.460,0,0,0
2024-03-13 19:32:03.463,0,0,0
2024-03-13 19:32:03.465,0,0,0
2024-03-13 19:32:03.469,0,0,0
2024-03-13 19:32:03.471,0,0,0
2024-03-13 19:32:03.474,0,0,0
2024-03-13 19:32:03.477,0,0,0
2024-03-13 19:32:03.481,0,0,0
2024-03-13 19:32:03.484,0,0,0
2024-03-13 19:32:03.488,0,0,0
2024-03-13 19:32:03.490,0,0,0
2024-03-13 19:32:03.493,0,0,0
2024-03-13 19:32:03.495,0,0,0
2024-03-13 19:32:03.498,0,0,0
2024-03-13 19:32:03.501,0,0,0
2024-03-13 19:32:03.505,0,0,0
2024-03-13 19:32:03.509,0,0,0
2024-03-13 19:32:03.512,0,0,0
2024-03-13 19:32:03.514,0,0,0
2024-03-13 19:32:03.518,0,0,0
2024-03-13 19:32:03.523,0,0,0
2024-03-13 19:32:03.532,0,0,0
2024-03-13 19:32:03.536,0,0,0
2024-03-13 19:32:03.539,0,0,0
2024-03-13 19:32:03.542,0,0,0
2024-03-13 19:32:03.546,0,0,0
2024-03-13 19:32:03.550,0,0,0
2024-03-13 19:32:03.552,0,0,0
2024-03-13 19:32:03.554,0,0,0
2024-03-13 19:32:03.557,0,0,0
2024-03-13 19:32:03.560,0,0,0
2024-03-13 19:32:03.564,0,0,0
2024-03-13 19:32:03.566,0,0,0
2024-03-13 19:32:03.570,0,0,0
2024-03-13 19:32:03.572,0,0,0
2024-03-13 19:32:03.575,0,0,0
2024-03-13 19:32:03.579,0,0,0
2024-03-13 19:32:03.581,0,0,0
2024-03-13 19:32:03.586,0,0,0
2024-03-13 19:32:03.589,0,0,0
2024-03-13 19:32:03.591,0,0,0
2024-03-13 19:32:03.594,0,0,0
2024-03-13 19:32:03.597,0,0,0
2024-03-13 19:32:03.599,0,0,0
2024-03-13 19:32:03.603,0,0,0
2024-03-13 19:32:03.606,0,0,0
2024-03-13 19:32:03.610,0,0,0
2024-03-13 19:32:03.613,0,0,0
2024-03-13 19:32:03.615,0,0,0
2024-03-13 19:32:03.618,0,0,0
2024-03-13 19:32:03.621,0,0,0
2024-03-13 19:32:03.624,0,0,0
2024-03-13 19:32:03.627,0,0,0
2024-03-13 19:32:03.630,0,0,0
2024-03-13 19:32:03.632,0,0,0
2024-03-13 19:32:03.634,0,0,0
2024-03-13 19:32:03.637,0,0,0
2024-03-13 19:32:03.641,0,0,0
2024-03-13 19:32:03.644,0,0,0
2024-03-13 19:32:03.647,0,0,0
2024-03-13 19:32:03.650,0,0,0
2024-03-13 19:32:03.653,0,0,0
2024-03-13 19:32:03.656,0,0,0
2024-03-13 19:32:03.659,0,0,0
2024-03-13 19:32:03.662,0,0,0
2024-03-13 19:32:03.665,0,0,0
2024-03-13 19:32:03.667,0,0,0
2024-03-13 19:32:03.669,0,0,0
2024-03-13 19:32:03.673,0,0,0
2024-03-13 19:32:03.676,0,0,0
2024-03-13 19:32:03.678,0,0,0
2024-03-13 19:32:03.681,0,0,0
2024-03-13 19:32:03.684,0,0,0
2024-03-13 19:32:03.687,0,0,0
2024-03-13 19:32:03.689,0,0,0
2024-03-13 19:32:03.693,0,0,0
2024-03-13 19:32:03.695,0,0,0
2024-03-13 19:32:03.699,0,0,0
2024-03-13 19:32:03.701,0,0,0
2024-03-13 19:32:03.704,0,0,0
2024-03-13 19:32:03.706,0,0,0
2024-03-13 19:32:03.708,0,0,0
2024-03-13 19:32:03.712,0,0,0
2024-03-13 19:32:03.715,0,0,0
2024-03-13 19:32:03.719,0,0,0
2024-03-13 19:32:03.722,0,0,0
2024-03-13 19:32:03.725,0,0,0
2024-03-13 19:32:03.727,0,0,0
2024-03-13 19:32:03.730,0,0,0
2024-03-13 19:32:03.733,0,0,0
2024-03-13 19:32:03.735,0,0,0
2024-03-13 19:32:03.738,0,0,0
2024-03-13 19:32:03.740,0,0,0
2024-03-13 19:32:03.744,0,0,0
2024-03-13 19:32:03.747,0,0,0
2024-03-13 19:32:03.750,0,0,0
2024-03-13 19:32:03.753,0,0,0
2024-03-13 19:32:03.755,0,0,0
2024-03-13 19:32:03.758,0,0,0
2024-03-13 19:32:03.760,0,0,0
2024-03-13 19:32:03.763,0,0,0
2024-03-13 19:32:03.765,0,0,0
2024-03-13 19:32:03.768,0,0,0
2024-03-13 19:32:03.771,0,0,0
2024-03-13 19:32:03.774,0,0,0
2024-03-13 19:32:03.776,0,0,0
2024-03-13 19:32:03.781,0,0,0
2024-03-13 19:32:03.784,0,0,0
2024-03-13 19:32:03.785,0,0,0
2024-03-13 19:32:03.788,0,0,0
2024-03-13 19:32:03.792,0,0,0
2024-03-13 19:32:03.794,0,0,0
2024-03-13 19:32:03.797,0,0,0
2024-03-13 19:32:03.800,0,0,0
2024-03-13 19:32:03.803,0,0,0
2024-03-13 19:32:03.805,0,0,0
2024-03-13 19:32:03.808,0,0,0
2024-03-13 19:32:03.811,0,0,0
2024-03-13 19:32:03.813,0,0,0
2024-03-13 19:32:03.816,0,0,0
2024-03-13 19:32:03.819,0,0,0
2024-03-13 19:32:03.822,0,0,0
2024-03-13 19:32:03.824,0,0,0
2024-03-13 19:32:03.828,0,0,0
2024-03-13 19:32:03.830,0,0,0
2024-03-13 19:32:03.833,0,0,0
2024-03-13 19:32:03.836,0,0,0
2024-03-13 19:32:03.839,0,0,0
2024-03-13 19:32:03.841,0,0,0
2024-03-13 19:32:03.845,0,0,0
2024-03-13 19:32:03.847,0,0,0
2024-03-13 19:32:03.850,0,0,0
2024-03-13 19:32:03.853,0,0,0
2024-03-13 19:32:03.856,0,0,0
2024-03-13 19:32:03.859,0,0,0
2024-03-13 19:32:03.863,0,0,0
2024-03-13 19:32:03.866,0,0,0
2024-03-13 19:32:03.869,0,0,0
2024-03-13 19:32:03.871,0,0,0
2024-03-13 19:32:03.874,0,0,0
2024-03-13 19:32:03.876,0,0,0
2024-03-13 19:32:03.880,0,0,0
2024-03-13 19:32:03.882,0,0,0
2024-03-13 19:32:03.884,0,0,0
2024-03-13 19:32:03.886,0,0,0
2024-03-13 19:32:03.891,0,0,0
2024-03-13 19:32:03.894,0,0,0
2024-03-13 19:32:03.896,0,0,0
2024-03-13 19:32:03.898,0,0,0
2024-03-13 19:32:03.902,0,0,0
2024-03-13 19:32:03.905,0,0,0
2024-03-13 19:32:03.907,0,0,0
2024-03-13 19:32:03.910,0,0,0
2024-03-13 19:32:03.913,0,0,0
2024-03-13 19:32:03.916,0,0,0
2024-03-13 19:32:03.918,0,0,0
2024-03-13 19:32:03.923,0,0,0
2024-03-13 19:32:03.926,0,0,0
2024-03-13 19:32:03.928,0,0,0
2024-03-13 19:32:03.932,0,0,0
2024-03-13 19:32:03.934,0,0,0
2024-03-13 19:32:03.937,0,0,0
2024-03-13 19:32:03.939,0,0,0
2024-03-13 19:32:03.943,0,0,0
2024-03-13 19:32:03.946,0,0,0
2024-03-13 19:32:03.949,0,0,0
2024-03-13 19:32:03.953,0,0,0
2024-03-13 19:32:03.955,0,0,0
2024-03-13 19:32:03.958,0,0,0
2024-03-13 19:32:03.961,0,0,0
2024-03-13 19:32:03.964,0,0,0
2024-03-13 19:32:03.967,0,0,0
2024-03-13 19:32:03.970,0,0,0
2024-03-13 19:32:03.972,0,0,0
2024-03-13 19:32:03.975,0,0,0
2024-03-13 19:32:03.978,0,0,0
2024-03-13 19:32:03.981,0,0,0
2024-03-13 19:32:03.985,0,0,0
2024-03-13 19:32:03.987,0,0,0
2024-03-13 19:32:03.990,0,0,0
2024-03-13 19:32:03.993,0,0,0
2024-03-13 19:32:03.997,0,0,0
2024-03-13 19:32:04.1,0,0,0
2024-03-13 19:32:04.3,0,0,0
2024-03-13 19:32:04.6,0,0,0
2024-03-13 19:32:04.8,0,0,0
2024-03-13 19:32:04.11,0,0,0
2024-03-13 19:32:04.13,0,0,0
2024-03-13 19:32:04.17,0,0,0
2024-03-13 19:32:04.18,0,0,0
2024-03-13 19:32:04.22,0,0,0
2024-03-13 19:32:04.24,0,0,0
2024-03-13 19:32:04.27,0,0,0
2024-03-13 19:32:04.30,0,0,0
2024-03-13 19:32:04.33,0,0,0
2024-03-13 19:32:04.36,0,0,0
2024-03-13 19:32:04.39,0,0,0
2024-03-13 19:32:04.42,0,0,0
2024-03-13 19:32:04.45,0,0,0
2024-03-13 19:32:04.49,0,0,0
2024-03-13 19:32:04.51,0,0,0
2024-03-13 19:32:04.54,0,0,0
2024-03-13 19:32:04.56,0,0,0
2024-03-13 19:32:04.59,0,0,0
2024-03-13 19:32:04.63,0,0,0
2024-03-13 19:32:04.66,0,0,0
2024-03-13 19:32:04.69,0,0,0
2024-03-13 19:32:04.71,0,0,0
2024-03-13 19:32:04.75,0,0,0
2024-03-13 19:32:04.78,0,0,0
2024-03-13 19:32:04.81,0,0,0
2024-03-13 19:32:04.85,0,0,0
2024-03-13 19:32:04.87,0,0,0
2024-03-13 19:32:04.89,0,0,0
2024-03-13 19:32:04.92,0,0,0
2024-03-13 19:32:04.96,0,0,0
2024-03-13 19:32:04.98,0,0,0
2024-03-13 19:32:04.101,0,0,0
2024-03-13 19:32:04.104,0,0,0
2024-03-13 19:32:04.107,0,0,0
2024-03-13 19:32:04.111,0,0,0
2024-03-13 19:32:04.113,0,0,0
2024-03-13 19:32:04.115,0,0,0
2024-03-13 19:32:04.119,0,0,0
2024-03-13 19:32:04.121,0,0,0
2024-03-13 19:32:04.124,0,0,0
2024-03-13 19:32:04.126,0,0,0
2024-03-13 19:32:04.128,0,0,0
2024-03-13 19:32:04.131,0,0,0
2024-03-13 19:32:04.135,0,0,0
2024-03-13 19:32:04.137,0,0,0
2024-03-13 19:32:04.139,0,0,0
2024-03-13 19:32:04.143,0,0,0
2024-03-13 19:32:04.146,0,0,0
2024-03-13 19:32:04.149,0,0,0
2024-03-13 19:32:04.151,0,0,0
2024-03-13 19:32:04.154,0,0,0
2024-03-13 19:32:04.157,0,0,0
2024-03-13 19:32:04.160,0,0,0
2024-03-13 19:32:04.164,0,0,0
2024-03-13 19:32:04.166,0,0,0
2024-03-13 19:32:04.169,0,0,0
2024-03-13 19:32:04.173,0,0,0
2024-03-13 19:32:04.176,0,0,0
2024-03-13 19:32:04.179,0,0,0
2024-03-13 19:32:04.182,0,0,0
2024-03-13 19:32:04.184,0,0,0
2024-03-13 19:32:04.188,0,0,0
2024-03-13 19:32:04.190,0,0,0
2024-03-13 19:32:04.194,0,0,0
2024-03-13 19:32:04.197,0,0,0
2024-03-13 19:32:04.200,0,0,0
2024-03-13 19:32:04.204,0,0,0
2024-03-13 19:32:04.207,0,0,0
2024-03-13 19:32:04.209,0,0,0
2024-03-13 19:32:04.212,0,0,0
2024-03-13 19:32:04.214,0,0,0
2024-03-13 19:32:04.217,0,0,0
2024-03-13 19:32:04.221,0,0,0
2024-03-13 19:32:04.224,0,0,0
2024-03-13 19:32:04.226,0,0,0
2024-03-13 19:32:04.229,0,0,0
2024-03-13 19:32:04.232,0,0,0
2024-03-13 19:32:04.236,0,0,0
2024-03-13 19:32:04.238,0,0,0
2024-03-13 19:32:04.240,0,0,0
2024-03-13 19:32:04.244,0,0,0
2024-03-13 19:32:04.246,0,0,0
2024-03-13 19:32:04.249,0,0,0
2024-03-13 19:32:04.252,0,0,0
2024-03-13 19:32:04.255,0,0,0
2024-03-13 19:32:04.257,0,0,0
2024-03-13 19:32:04.260,0,0,0
2024-03-13 19:32:04.263,0,0,0
2024-03-13 19:32:04.267,0,0,0
2024-03-13 19:32:04.269,0,0,0
2024-03-13 19:32:04.271,0,0,0
2024-03-13 19:32:04.275,0,0,0
2024-03-13 19:32:04.278,0,0,0
2024-03-13 19:32:04.280,0,0,0
2024-03-13 19:32:04.284,0,0,0
2024-03-13 19:32:04.287,0,0,0
2024-03-13 19:32:04.289,0,0,0
2024-03-13 19:32:04.292,0,0,0
2024-03-13 19:32:04.295,0,0,0
2024-03-13 19:32:04.298,0,0,0
2024-03-13 19:32:04.301,0,0,0
2024-03-13 19:32:04.304,0,0,0
2024-03-13 19:32:04.307,0,0,0
2024-03-13 19:32:04.310,0,0,0
2024-03-13 19:32:04.313,0,0,0
2024-03-13 19:32:04.316,0,0,0
2024-03-13 19:32:04.319,0,0,0
2024-03-13 19:32:04.321,0,0,0
2024-03-13 19:32:04.324,0,0,0
2024-03-13 19:32:04.328,0,0,0
2024-03-13 19:32:04.331,0,0,0
2024-03-13 19:32:04.334,0,0,0
2024-03-13 19:32:04.337,0,0,0
2024-03-13 19:32:04.340,0,0,0
2024-03-13 19:32:04.342,0,0,0
2024-03-13 19:32:04.345,0,0,0
2024-03-13 19:32:04.348,0,0,0
2024-03-13 19:32:04.350,0,0,0
2024-03-13 19:32:04.353,0,0,0
2024-03-13 19:32:04.355,0,0,0
2024-03-13 19:32:04.358,0,0,0
2024-03-13 19:32:04.362,0,0,0
2024-03-13 19:32:04.364,0,0,0
2024-03-13 19:32:04.367,0,0,0
2024-03-13 19:32:04.369,0,0,0
2024-03-13 19:32:04.372,0,0,0
2024-03-13 19:32:04.375,0,0,0
2024-03-13 19:32:04.376,0,0,0
2024-03-13 19:32:04.380,0,0,0
2024-03-13 19:32:04.383,0,0,0
2024-03-13 19:32:04.385,0,0,0
2024-03-13 19:32:04.389,0,0,0
2024-03-13 19:32:04.392,0,0,0
2024-03-13 19:32:04.395,0,0,0
2024-03-13 19:32:04.398,0,0,0
2024-03-13 19:32:04.400,0,0,0
2024-03-13 19:32:04.404,0,0,0
2024-03-13 19:32:04.406,0,0,0
2024-03-13 19:32:04.409,0,0,0
2024-03-13 19:32:04.412,0,0,0
2024-03-13 19:32:04.414,0,0,0
2024-03-13 19:32:04.421,0,0,0
2024-03-13 19:32:04.428,0,0,0
2024-03-13 19:32:04.430,0,0,0
2024-03-13 19:32:04.433,0,0,0
2024-03-13 19:32:04.438,0,0,0
2024-03-13 19:32:04.440,0,0,0
2024-03-13 19:32:04.442,0,0,0
2024-03-13 19:32:04.444,0,0,0
2024-03-13 19:32:04.448,0,0,0
2024-03-13 19:32:04.450,0,0,0
2024-03-13 19:32:04.453,0,0,0
2024-03-13 19:32:04.455,0,0,0
2024-03-13 19:32:04.458,0,0,0
2024-03-13 19:32:04.461,0,0,0
2024-03-13 19:32:04.465,0,0,0
2024-03-13 19:32:04.469,0,0,0
2024-03-13 19:32:04.471,0,0,0
2024-03-13 19:32:04.474,0,0,0
2024-03-13 19:32:04.477,0,0,0
2024-03-13 19:32:04.480,0,0,0
2024-03-13 19:32:04.482,0,0,0
2024-03-13 19:32:04.485,0,0,0
2024-03-13 19:32:04.487,0,0,0
2024-03-13 19:32:04.490,0,0,0
2024-03-13 19:32:04.493,0,0,0
2024-03-13 19:32:04.495,0,0,0
2024-03-13 19:32:04.497,0,0,0
2024-03-13 19:32:04.501,0,0,0
2024-03-13 19:32:04.504,0,0,0
2024-03-13 19:32:04.506,0,0,0
2024-03-13 19:32:04.509,0,0,0
2024-03-13 19:32:04.512,0,0,0
2024-03-13 19:32:04.514,0,0,0
2024-03-13 19:32:04.517,0,0,0
2024-03-13 19:32:04.521,0,0,0
2024-03-13 19:32:04.524,0,0,0
2024-03-13 19:32:04.526,0,0,0
2024-03-13 19:32:04.528,0,0,0
2024-03-13 19:32:04.532,0,0,0
2024-03-13 19:32:04.534,0,0,0
2024-03-13 19:32:04.537,0,0,0
2024-03-13 19:32:04.540,0,0,0
2024-03-13 19:32:04.543,0,0,0
2024-03-13 19:32:04.546,0,0,0
2024-03-13 19:32:04.548,0,0,0
2024-03-13 19:32:04.552,0,0,0
2024-03-13 19:32:04.555,0,0,0
2024-03-13 19:32:04.557,0,0,0
2024-03-13 19:32:04.560,0,0,0
2024-03-13 19:32:04.564,0,0,0
2024-03-13 19:32:04.566,0,0,0
2024-03-13 19:32:04.570,0,0,0
2024-03-13 19:32:04.572,0,0,0
2024-03-13 19:32:04.574,0,0,0
2024-03-13 19:32:04.578,0,0,0
2024-03-13 19:32:04.580,0,0,0
2024-03-13 19:32:04.583,0,0,0
2024-03-13 19:32:04.587,0,0,0
2024-03-13 19:32:04.588,0,0,0
2024-03-13 19:32:04.591,0,0,0
2024-03-13 19:32:04.594,0,0,0
2024-03-13 19:32:04.597,0,0,0
2024-03-13 19:32:04.600,0,0,0
2024-03-13 19:32:04.603,0,0,0
2024-03-13 19:32:04.606,0,0,0
2024-03-13 19:32:04.610,0,0,0
2024-03-13 19:32:04.612,0,0,0
2024-03-13 19:32:04.615,0,0,0
2024-03-13 19:32:04.618,0,0,0
2024-03-13 19:32:04.620,0,0,0
2024-03-13 19:32:04.622,0,0,0
2024-03-13 19:32:04.626,0,0,0
2024-03-13 19:32:04.628,0,0,0
2024-03-13 19:32:04.631,0,0,0
2024-03-13 19:32:04.634,0,0,0
2024-03-13 19:32:04.637,0,0,0
2024-03-13 19:32:04.641,0,0,0
2024-03-13 19:32:04.643,0,0,0
2024-03-13 19:32:04.646,0,0,0
2024-03-13 19:32:04.648,0,0,0
2024-03-13 19:32:04.650,0,0,0
2024-03-13 19:32:04.654,0,0,0
2024-03-13 19:32:04.658,0,0,0
2024-03-13 19:32:04.661,0,0,0
2024-03-13 19:32:04.665,0,0,0
2024-03-13 19:32:04.667,0,0,0
2024-03-13 19:32:04.671,0,0,0
2024-03-13 19:32:04.674,0,0,0
2024-03-13 19:32:04.677,0,0,0
2024-03-13 19:32:04.680,0,0,0
2024-03-13 19:32:04.683,0,0,0
2024-03-13 19:32:04.685,0,0,0
2024-03-13 19:32:04.689,0,0,0
2024-03-13 19:32:04.691,0,0,0
2024-03-13 19:32:04.694,0,0,0
2024-03-13 19:32:04.697,0,0,0
2024-03-13 19:32:04.700,0,0,0
2024-03-13 19:32:04.704,0,0,0
2024-03-13 19:32:04.705,0,0,0
2024-03-13 19:32:04.708,0,0,0
2024-03-13 19:32:04.711,0,0,0
2024-03-13 19:32:04.714,0,0,0
2024-03-13 19:32:04.717,0,0,0
2024-03-13 19:32:04.720,0,0,0
2024-03-13 19:32:04.722,0,0,0
2024-03-13 19:32:04.725,0,0,0
2024-03-13 19:32:04.729,0,0,0
2024-03-13 19:32:04.731,0,0,0
2024-03-13 19:32:04.735,0,0,0
2024-03-13 19:32:04.737,0,0,0
2024-03-13 19:32:04.740,0,0,0
2024-03-13 19:32:04.742,0,0,0
2024-03-13 19:32:04.746,0,0,0
2024-03-13 19:32:04.748,0,0,0
2024-03-13 19:32:04.751,0,0,0
2024-03-13 19:32:04.754,0,0,0
2024-03-13 19:32:04.756,0,0,0
2024-03-13 19:32:04.759,0,0,0
2024-03-13 19:32:04.762,0,0,0
2024-03-13 19:32:04.766,0,0,0
2024-03-13 19:32:04.768,0,0,0
2024-03-13 19:32:04.771,0,0,0
2024-03-13 19:32:04.774,0,0,0
2024-03-13 19:32:04.776,0,0,0
2024-03-13 19:32:04.779,0,0,0
2024-03-13 19:32:04.782,0,0,0
2024-03-13 19:32:04.785,0,0,0
2024-03-13 19:32:04.788,0,0,0
2024-03-13 19:32:04.791,0,0,0
2024-03-13 19:32:04.793,0,0,0
2024-03-13 19:32:04.796,0,0,0
2024-03-13 19:32:04.799,0,0,0
2024-03-13 19:32:04.802,0,0,0
2024-03-13 19:32:04.805,0,0,0
2024-03-13 19:32:04.808,0,0,0
2024-03-13 19:32:04.812,0,0,0
2024-03-13 19:32:04.815,0,0,0
2024-03-13 19:32:04.818,0,0,0
2024-03-13 19:32:04.820,0,0,0
2024-03-13 19:32:04.823,0,0,0
2024-03-13 19:32:04.826,0,0,0
2024-03-13 19:32:04.828,0,0,0
2024-03-13 19:32:04.831,0,0,0
2024-03-13 19:32:04.834,0,0,0
2024-03-13 19:32:04.836,0,0,0
2024-03-13 19:32:04.838,0,0,0
2024-03-13 19:32:04.842,0,0,0
2024-03-13 19:32:04.846,0,0,0
2024-03-13 19:32:04.848,0,0,0
2024-03-13 19:32:04.851,0,0,0
2024-03-13 19:32:04.854,0,0,0
2024-03-13 19:32:04.856,0,0,0
2024-03-13 19:32:04.860,0,0,0
2024-03-13 19:32:04.862,0,0,0
2024-03-13 19:32:04.865,0,0,0
2024-03-13 19:32:04.867,0,0,0
2024-03-13 19:32:04.870,0,0,0
2024-03-13 19:32:04.875,0,0,0
2024-03-13 19:32:04.878,0,0,0
2024-03-13 19:32:04.880,0,0,0
2024-03-13 19:32:04.883,0,0,0
2024-03-13 19:32:04.886,0,0,0
2024-03-13 19:32:04.888,0,0,0
2024-03-13 19:32:04.891,0,0,0
2024-03-13 19:32:04.894,0,0,0
2024-03-13 19:32:04.896,0,0,0
2024-03-13 19:32:04.900,0,0,0
2024-03-13 19:32:04.903,0,0,0
2024-03-13 19:32:04.907,0,0,0
2024-03-13 19:32:04.909,0,0,0
2024-03-13 19:32:04.912,0,0,0
2024-03-13 19:32:04.914,0,0,0
2024-03-13 19:32:04.918,0,0,0
2024-03-13 19:32:04.920,0,0,0
2024-03-13 19:32:04.924,0,0,0
2024-03-13 19:32:04.927,0,0,0
2024-03-13 19:32:04.931,0,0,0
2024-03-13 19:32:04.933,0,0,0
2024-03-13 19:32:04.937,0,0,0
2024-03-13 19:32:04.939,0,0,0
2024-03-13 19:32:04.942,0,0,0
2024-03-13 19:32:04.946,0,0,0
2024-03-13 19:32:04.948,0,0,0
2024-03-13 19:32:04.953,0,0,0
2024-03-13 19:32:04.955,0,0,0
2024-03-13 19:32:04.957,0,0,0
2024-03-13 19:32:04.961,0,0,0
2024-03-13 19:32:04.964,0,0,0
2024-03-13 19:32:04.966,0,0,0
2024-03-13 19:32:04.968,0,0,0
2024-03-13 19:32:04.972,0,0,0
2024-03-13 19:32:04.974,0,0,0
2024-03-13 19:32:04.976,0,0,0
2024-03-13 19:32:04.981,0,0,0
2024-03-13 19:32:04.984,0,0,0
2024-03-13 19:32:04.986,0,0,0
2024-03-13 19:32:04.989,0,0,0
2024-03-13 19:32:04.991,0,0,0
2024-03-13 19:32:04.994,0,0,0
2024-03-13 19:32:04.997,0,0,0
2024-03-13 19:32:05.1,0,0,0
2024-03-13 19:32:05.3,0,0,0
2024-03-13 19:32:05.7,0,0,0
2024-03-13 19:32:05.9,0,0,0
2024-03-13 19:32:05.12,0,0,0
2024-03-13 19:32:05.16,0,0,0
2024-03-13 19:32:05.19,0,0,0
2024-03-13 19:32:05.21,0,0,0
2024-03-13 19:32:05.24,0,0,0
2024-03-13 19:32:05.27,0,0,0
2024-03-13 19:32:05.29,0,0,0
2024-03-13 19:32:05.33,0,0,0
2024-03-13 19:32:05.35,0,0,0
2024-03-13 19:32:05.37,0,0,0
2024-03-13 19:32:05.41,0,0,0
2024-03-13 19:32:05.44,0,0,0
2024-03-13 19:32:05.47,0,0,0
2024-03-13 19:32:05.50,0,0,0
2024-03-13 19:32:05.52,0,0,0
2024-03-13 19:32:05.55,0,0,0
2024-03-13 19:32:05.57,0,0,0
2024-03-13 19:32:05.61,0,0,0
2024-03-13 19:32:05.65,0,0,0
2024-03-13 19:32:05.67,0,0,0
2024-03-13 19:32:05.71,0,0,0
2024-03-13 19:32:05.73,0,0,0
2024-03-13 19:32:05.77,0,0,0
2024-03-13 19:32:05.80,0,0,0
2024-03-13 19:32:05.83,0,0,0
2024-03-13 19:32:05.86,0,0,0
2024-03-13 19:32:05.89,0,0,0
2024-03-13 19:32:05.91,0,0,0
2024-03-13 19:32:05.95,0,0,0
2024-03-13 19:32:05.98,0,0,0
2024-03-13 19:32:05.100,0,0,0
2024-03-13 19:32:05.103,0,0,0
2024-03-13 19:32:05.106,0,0,0
2024-03-13 19:32:05.109,0,0,0
2024-03-13 19:32:05.113,0,0,0
2024-03-13 19:32:05.115,0,0,0
2024-03-13 19:32:05.118,0,0,0
2024-03-13 19:32:05.121,0,0,0
2024-03-13 19:32:05.125,0,0,0
2024-03-13 19:32:05.127,0,0,0
2024-03-13 19:32:05.131,0,0,0
2024-03-13 19:32:05.133,0,0,0
2024-03-13 19:32:05.135,0,0,0
2024-03-13 19:32:05.137,0,0,0
2024-03-13 19:32:05.142,0,0,0
2024-03-13 19:32:05.145,0,0,0
2024-03-13 19:32:05.148,0,0,0
2024-03-13 19:32:05.151,0,0,0
2024-03-13 19:32:05.154,0,0,0
2024-03-13 19:32:05.156,0,0,0
2024-03-13 19:32:05.159,0,0,0
2024-03-13 19:32:05.161,0,0,0
2024-03-13 19:32:05.164,0,0,0
2024-03-13 19:32:05.167,0,0,0
2024-03-13 19:32:05.169,0,0,0
2024-03-13 19:32:05.173,0,0,0
2024-03-13 19:32:05.175,0,0,0
2024-03-13 19:32:05.177,0,0,0
2024-03-13 19:32:05.181,0,0,0
2024-03-13 19:32:05.184,0,0,0
2024-03-13 19:32:05.188,0,0,0
2024-03-13 19:32:05.191,0,0,0
2024-03-13 19:32:05.194,0,0,0
2024-03-13 19:32:05.197,0,0,0
2024-03-13 19:32:05.199,0,0,0
2024-03-13 19:32:05.204,0,0,0
2024-03-13 19:32:05.208,0,0,0
2024-03-13 19:32:05.210,0,0,0
2024-03-13 19:32:05.214,0,0,0
2024-03-13 19:32:05.216,0,0,0
2024-03-13 19:32:05.219,0,0,0
2024-03-13 19:32:05.222,0,0,0
2024-03-13 19:32:05.225,0,0,0
2024-03-13 19:32:05.229,0,0,0
2024-03-13 19:32:05.232,0,0,0
2024-03-13 19:32:05.234,0,0,0
2024-03-13 19:32:05.237,0,0,0
2024-03-13 19:32:05.240,0,0,0
2024-03-13 19:32:05.244,0,0,0
2024-03-13 19:32:05.246,0,0,0
2024-03-13 19:32:05.250,0,0,0
2024-03-13 19:32:05.254,0,0,0
2024-03-13 19:32:05.256,0,0,0
2024-03-13 19:32:05.258,0,0,0
2024-03-13 19:32:05.262,0,0,0
2024-03-13 19:32:05.266,0,0,0
2024-03-13 19:32:05.270,0,0,0
2024-03-13 19:32:05.273,0,0,0
2024-03-13 19:32:05.275,0,0,0
2024-03-13 19:32:05.278,0,0,0
2024-03-13 19:32:05.282,0,0,0
2024-03-13 19:32:05.286,0,0,0
2024-03-13 19:32:05.288,0,0,0
2024-03-13 19:32:05.292,0,0,0
2024-03-13 19:32:05.294,0,0,0
2024-03-13 19:32:05.296,0,0,0
2024-03-13 19:32:05.300,0,0,0
2024-03-13 19:32:05.302,0,0,0
2024-03-13 19:32:05.304,0,0,0
2024-03-13 19:32:05.309,0,0,0
2024-03-13 19:32:05.312,0,0,0
2024-03-13 19:32:05.316,0,0,0
2024-03-13 19:32:05.318,0,0,0
2024-03-13 19:32:05.322,0,0,0
2024-03-13 19:32:05.325,0,0,0
2024-03-13 19:32:05.329,0,0,0
2024-03-13 19:32:05.332,0,0,0
2024-03-13 19:32:05.338,0,0,0
2024-03-13 19:32:05.347,0,0,0
2024-03-13 19:32:05.350,0,0,0
2024-03-13 19:32:05.353,0,0,0
2024-03-13 19:32:05.358,0,0,0
2024-03-13 19:32:05.362,0,0,0
2024-03-13 19:32:05.365,0,0,0
2024-03-13 19:32:05.367,0,0,0
2024-03-13 19:32:05.370,0,0,0
2024-03-13 19:32:05.374,0,0,0
2024-03-13 19:32:05.378,0,0,0
2024-03-13 19:32:05.381,0,0,0
2024-03-13 19:32:05.384,0,0,0
2024-03-13 19:32:05.388,0,0,0
2024-03-13 19:32:05.390,0,0,0
2024-03-13 19:32:05.393,0,0,0
2024-03-13 19:32:05.397,0,0,0
2024-03-13 19:32:05.400,0,0,0
2024-03-13 19:32:05.403,0,0,0
2024-03-13 19:32:05.406,0,0,0
2024-03-13 19:32:05.409,0,0,0
2024-03-13 19:32:05.413,0,0,0
2024-03-13 19:32:05.416,0,0,0
2024-03-13 19:32:05.420,0,0,0
2024-03-13 19:32:05.424,0,0,0
2024-03-13 19:32:05.427,0,0,0
2024-03-13 19:32:05.430,0,0,0
2024-03-13 19:32:05.433,0,0,0
2024-03-13 19:32:05.436,0,0,0
2024-03-13 19:32:05.439,0,0,0
2024-03-13 19:32:05.443,0,0,0
2024-03-13 19:32:05.446,0,0,0
2024-03-13 19:32:05.450,0,0,0
2024-03-13 19:32:05.453,0,0,0
2024-03-13 19:32:05.456,0,0,0
2024-03-13 19:32:05.459,0,0,0
2024-03-13 19:32:05.462,0,0,0
2024-03-13 19:32:05.465,0,0,0
2024-03-13 19:32:05.469,0,0,0
2024-03-13 19:32:05.472,0,0,0
2024-03-13 19:32:05.475,0,0,0
2024-03-13 19:32:05.479,0,0,0
2024-03-13 19:32:05.484,0,0,0
2024-03-13 19:32:05.487,0,0,0
2024-03-13 19:32:05.489,0,0,0
2024-03-13 19:32:05.493,0,0,0
2024-03-13 19:32:05.497,0,0,0
2024-03-13 19:32:05.500,0,0,0
2024-03-13 19:32:05.504,0,0,0
2024-03-13 19:32:05.507,0,0,0
2024-03-13 19:32:05.511,0,0,0
2024-03-13 19:32:05.514,0,0,0
2024-03-13 19:32:05.518,0,0,0
2024-03-13 19:32:05.521,0,0,0
2024-03-13 19:32:05.524,0,0,0
2024-03-13 19:32:05.528,0,0,0
2024-03-13 19:32:05.532,0,0,0
2024-03-13 19:32:05.535,0,0,0
2024-03-13 19:32:05.538,0,0,0
2024-03-13 19:32:05.541,0,0,0
2024-03-13 19:32:05.544,0,0,0
2024-03-13 19:32:05.549,0,0,0
2024-03-13 19:32:05.551,0,0,0
2024-03-13 19:32:05.554,0,0,0
2024-03-13 19:32:05.558,0,0,0
2024-03-13 19:32:05.561,0,0,0
2024-03-13 19:32:05.565,0,0,0
2024-03-13 19:32:05.567,0,0,0
2024-03-13 19:32:05.572,0,0,0
2024-03-13 19:32:05.576,0,0,0
2024-03-13 19:32:05.579,0,0,0
2024-03-13 19:32:05.582,0,0,0
2024-03-13 19:32:05.585,0,0,0
2024-03-13 19:32:05.587,0,0,0
2024-03-13 19:32:05.590,0,0,0
2024-03-13 19:32:05.594,0,0,0
2024-03-13 19:32:05.595,0,0,0
2024-03-13 19:32:05.598,0,0,0
2024-03-13 19:32:05.601,0,0,0
2024-03-13 19:32:05.605,0,0,0
2024-03-13 19:32:05.609,0,0,0
2024-03-13 19:32:05.612,0,0,0
2024-03-13 19:32:05.614,0,0,0
2024-03-13 19:32:05.617,0,0,0
2024-03-13 19:32:05.620,0,0,0
2024-03-13 19:32:05.624,0,0,0
2024-03-13 19:32:05.626,0,0,0
2024-03-13 19:32:05.630,0,0,0
2024-03-13 19:32:05.633,0,0,0
2024-03-13 19:32:05.636,0,0,0
2024-03-13 19:32:05.640,0,0,0
2024-03-13 19:32:05.642,0,0,0
2024-03-13 19:32:05.644,0,0,0
2024-03-13 19:32:05.648,0,0,0
2024-03-13 19:32:05.652,0,0,0
2024-03-13 19:32:05.655,0,0,0
2024-03-13 19:32:05.657,0,0,0
2024-03-13 19:32:05.660,0,0,0
2024-03-13 19:32:05.663,0,0,0
2024-03-13 19:32:05.668,0,0,0
2024-03-13 19:32:05.671,0,0,0
2024-03-13 19:32:05.675,0,0,0
2024-03-13 19:32:05.678,0,0,0
2024-03-13 19:32:05.680,0,0,0
2024-03-13 19:32:05.685,0,0,0
2024-03-13 19:32:05.687,0,0,0
2024-03-13 19:32:05.692,0,0,0
2024-03-13 19:32:05.694,0,0,0
2024-03-13 19:32:05.697,0,0,0
2024-03-13 19:32:05.701,0,0,0
2024-03-13 19:32:05.704,0,0,0
2024-03-13 19:32:05.708,0,0,0
2024-03-13 19:32:05.711,0,0,0
2024-03-13 19:32:05.716,0,0,0
2024-03-13 19:32:05.719,0,0,0
2024-03-13 19:32:05.722,0,0,0
2024-03-13 19:32:05.726,0,0,0
2024-03-13 19:32:05.729,0,0,0
2024-03-13 19:32:05.733,0,0,0
2024-03-13 19:32:05.736,0,0,0
2024-03-13 19:32:05.739,0,0,0
2024-03-13 19:32:05.742,0,0,0
2024-03-13 19:32:05.748,0,0,0
2024-03-13 19:32:05.750,0,0,0
2024-03-13 19:32:05.754,0,0,0
2024-03-13 19:32:05.760,0,0,0
2024-03-13 19:32:05.766,0,0,0
2024-03-13 19:32:05.772,0,0,0
2024-03-13 19:32:05.775,0,0,0
2024-03-13 19:32:05.779,0,0,0
2024-03-13 19:32:05.781,0,0,0
2024-03-13 19:32:05.784,0,0,0
2024-03-13 19:32:05.789,0,0,0
2024-03-13 19:32:05.791,0,0,0
2024-03-13 19:32:05.795,0,0,0
2024-03-13 19:32:05.797,0,0,0
2024-03-13 19:32:05.800,0,0,0
2024-03-13 19:32:05.803,0,0,0
2024-03-13 19:32:05.805,0,0,0
2024-03-13 19:32:05.809,0,0,0
2024-03-13 19:32:05.812,0,0,0
2024-03-13 19:32:05.815,0,0,0
2024-03-13 19:32:05.817,0,0,0
2024-03-13 19:32:05.820,0,0,0
2024-03-13 19:32:05.824,0,0,0
2024-03-13 19:32:05.828,0,0,0
2024-03-13 19:32:05.830,0,0,0
2024-03-13 19:32:05.834,0,0,0
2024-03-13 19:32:05.836,0,0,0
2024-03-13 19:32:05.839,0,0,0
2024-03-13 19:32:05.842,0,0,0
2024-03-13 19:32:05.846,0,0,0
2024-03-13 19:32:05.848,0,0,0
2024-03-13 19:32:05.850,0,0,0
2024-03-13 19:32:05.854,0,0,0
2024-03-13 19:32:05.858,0,0,0
2024-03-13 19:32:05.861,0,0,0
2024-03-13 19:32:05.863,0,0,0
2024-03-13 19:32:05.865,0,0,0
2024-03-13 19:32:05.868,0,0,0
2024-03-13 19:32:05.871,0,0,0
2024-03-13 19:32:05.874,0,0,0
2024-03-13 19:32:05.876,0,0,0
2024-03-13 19:32:05.879,0,0,0
2024-03-13 19:32:05.881,0,0,0
2024-03-13 19:32:05.886,0,0,0
2024-03-13 19:32:05.889,0,0,0
2024-03-13 19:32:05.892,0,0,0
2024-03-13 19:32:05.895,0,0,0
2024-03-13 19:32:05.897,0,0,0
2024-03-13 19:32:05.901,0,0,0
2024-03-13 19:32:05.904,0,0,0
2024-03-13 19:32:05.907,0,0,0
2024-03-13 19:32:05.909,0,0,0
2024-03-13 19:32:05.913,0,0,0
2024-03-13 19:32:05.915,0,0,0
2024-03-13 19:32:05.918,0,0,0
2024-03-13 19:32:05.921,0,0,0
2024-03-13 19:32:05.924,0,0,0
2024-03-13 19:32:05.927,0,0,0
2024-03-13 19:32:05.930,0,0,0
2024-03-13 19:32:05.934,0,0,0
2024-03-13 19:32:05.936,0,0,0
2024-03-13 19:32:05.939,0,0,0
2024-03-13 19:32:05.941,0,0,0
2024-03-13 19:32:05.944,0,0,0
2024-03-13 19:32:05.948,0,0,0
2024-03-13 19:32:05.950,0,0,0
2024-03-13 19:32:05.953,0,0,0
2024-03-13 19:32:05.956,0,0,0
2024-03-13 19:32:05.959,0,0,0
2024-03-13 19:32:05.961,0,0,0
2024-03-13 19:32:05.965,0,0,0
2024-03-13 19:32:05.967,0,0,0
2024-03-13 19:32:05.971,0,0,0
2024-03-13 19:32:05.973,0,0,0
2024-03-13 19:32:05.975,0,0,0
2024-03-13 19:32:05.979,0,0,0
2024-03-13 19:32:05.983,0,0,0
2024-03-13 19:32:05.986,0,0,0
2024-03-13 19:32:05.988,0,0,0
2024-03-13 19:32:05.991,0,0,0
2024-03-13 19:32:05.995,0,0,0
2024-03-13 19:32:05.998,0,0,0
2024-03-13 19:32:06.2,0,0,0
2024-03-13 19:32:06.4,0,0,0
2024-03-13 19:32:06.7,0,0,0
2024-03-13 19:32:06.10,0,0,0
2024-03-13 19:32:06.14,0,0,0
2024-03-13 19:32:06.15,0,0,0
2024-03-13 19:32:06.18,0,0,0
2024-03-13 19:32:06.20,0,0,0
2024-03-13 19:32:06.23,0,0,0
2024-03-13 19:32:06.27,0,0,0
2024-03-13 19:32:06.29,0,0,0
2024-03-13 19:32:06.33,0,0,0
2024-03-13 19:32:06.35,0,0,0
2024-03-13 19:32:06.38,0,0,0
2024-03-13 19:32:06.41,0,0,0
2024-03-13 19:32:06.44,0,0,0
2024-03-13 19:32:06.47,0,0,0
2024-03-13 19:32:06.50,0,0,0
2024-03-13 19:32:06.52,0,0,0
2024-03-13 19:32:06.55,0,0,0
2024-03-13 19:32:06.58,0,0,0
2024-03-13 19:32:06.61,0,0,0
2024-03-13 19:32:06.64,0,0,0
2024-03-13 19:32:06.67,0,0,0
2024-03-13 19:32:06.69,0,0,0
2024-03-13 19:32:06.73,0,0,0
2024-03-13 19:32:06.75,0,0,0
2024-03-13 19:32:06.79,0,0,0
2024-03-13 19:32:06.81,0,0,0
2024-03-13 19:32:06.84,0,0,0
2024-03-13 19:32:06.86,0,0,0
2024-03-13 19:32:06.90,0,0,0
2024-03-13 19:32:06.92,0,0,0
2024-03-13 19:32:06.95,0,0,0
2024-03-13 19:32:06.97,0,0,0
2024-03-13 19:32:06.100,0,0,0
2024-03-13 19:32:06.104,0,0,0
2024-03-13 19:32:06.106,0,0,0
2024-03-13 19:32:06.108,0,0,0
2024-03-13 19:32:06.111,0,0,0
2024-03-13 19:32:06.113,0,0,0
2024-03-13 19:32:06.117,0,0,0
2024-03-13 19:32:06.119,0,0,0
2024-03-13 19:32:06.122,0,0,0
2024-03-13 19:32:06.125,0,0,0
2024-03-13 19:32:06.129,0,0,0
2024-03-13 19:32:06.131,0,0,0
2024-03-13 19:32:06.134,0,0,0
2024-03-13 19:32:06.138,0,0,0
2024-03-13 19:32:06.140,0,0,0
2024-03-13 19:32:06.143,0,0,0
2024-03-13 19:32:06.147,0,0,0
2024-03-13 19:32:06.149,0,0,0
2024-03-13 19:32:06.154,0,0,0
2024-03-13 19:32:06.163,0,0,0
2024-03-13 19:32:06.168,0,0,0
2024-03-13 19:32:06.170,0,0,0
2024-03-13 19:32:06.174,0,0,0
2024-03-13 19:32:06.177,0,0,0
2024-03-13 19:32:06.179,0,0,0
2024-03-13 19:32:06.181,0,0,0
2024-03-13 19:32:06.185,0,0,0
2024-03-13 19:32:06.188,0,0,0
2024-03-13 19:32:06.190,0,0,0
2024-03-13 19:32:06.192,0,0,0
2024-03-13 19:32:06.195,0,0,0
2024-03-13 19:32:06.199,0,0,0
2024-03-13 19:32:06.201,0,0,0
2024-03-13 19:32:06.204,0,0,0
2024-03-13 19:32:06.206,0,0,0
2024-03-13 19:32:06.209,0,0,0
2024-03-13 19:32:06.212,0,0,0
2024-03-13 19:32:06.214,0,0,0
2024-03-13 19:32:06.216,0,0,0
2024-03-13 19:32:06.220,0,0,0
2024-03-13 19:32:06.222,0,0,0
2024-03-13 19:32:06.224,0,0,0
2024-03-13 19:32:06.228,0,0,0
2024-03-13 19:32:06.230,0,0,0
2024-03-13 19:32:06.233,0,0,0
2024-03-13 19:32:06.236,0,0,0
2024-03-13 19:32:06.239,0,0,0
2024-03-13 19:32:06.241,0,0,0
2024-03-13 19:32:06.244,0,0,0
2024-03-13 19:32:06.248,0,0,0
2024-03-13 19:32:06.250,0,0,0
2024-03-13 19:32:06.253,0,0,0
2024-03-13 19:32:06.255,0,0,0
2024-03-13 19:32:06.259,0,0,0
2024-03-13 19:32:06.262,0,0,0
2024-03-13 19:32:06.265,0,0,0
2024-03-13 19:32:06.269,0,0,0
2024-03-13 19:32:06.272,0,0,0
2024-03-13 19:32:06.274,0,0,0
2024-03-13 19:32:06.277,0,0,0
2024-03-13 19:32:06.280,0,0,0
2024-03-13 19:32:06.282,0,0,0
2024-03-13 19:32:06.285,0,0,0
2024-03-13 19:32:06.288,0,0,0
2024-03-13 19:32:06.291,0,0,0
2024-03-13 19:32:06.294,0,0,0
2024-03-13 19:32:06.297,0,0,0
2024-03-13 19:32:06.299,0,0,0
2024-03-13 19:32:06.302,0,0,0
2024-03-13 19:32:06.304,0,0,0
2024-03-13 19:32:06.311,0,0,0
2024-03-13 19:32:06.318,0,0,0
2024-03-13 19:32:06.321,0,0,0
2024-03-13 19:32:06.325,0,0,0
2024-03-13 19:32:06.328,0,0,0
2024-03-13 19:32:06.331,0,0,0
2024-03-13 19:32:06.334,0,0,0
2024-03-13 19:32:06.336,0,0,0
2024-03-13 19:32:06.338,0,0,0
2024-03-13 19:32:06.341,0,0,0
2024-03-13 19:32:06.344,0,0,0
2024-03-13 19:32:06.346,0,0,0
2024-03-13 19:32:06.349,0,0,0
2024-03-13 19:32:06.351,0,0,0
2024-03-13 19:32:06.354,0,0,0
2024-03-13 19:32:06.357,0,0,0
2024-03-13 19:32:06.361,0,0,0
2024-03-13 19:32:06.363,0,0,0
2024-03-13 19:32:06.366,0,0,0
2024-03-13 19:32:06.369,0,0,0
2024-03-13 19:32:06.372,0,0,0
2024-03-13 19:32:06.375,0,0,0
2024-03-13 19:32:06.377,0,0,0
2024-03-13 19:32:06.380,0,0,0
2024-03-13 19:32:06.383,0,0,0
2024-03-13 19:32:06.386,0,0,0
2024-03-13 19:32:06.389,0,0,0
2024-03-13 19:32:06.391,0,0,0
2024-03-13 19:32:06.394,0,0,0
2024-03-13 19:32:06.396,0,0,0
2024-03-13 19:32:06.400,0,0,0
2024-03-13 19:32:06.401,0,0,0
2024-03-13 19:32:06.405,0,0,0
2024-03-13 19:32:06.407,0,0,0
2024-03-13 19:32:06.410,0,0,0
2024-03-13 19:32:06.413,0,0,0
2024-03-13 19:32:06.417,0,0,0
2024-03-13 19:32:06.420,0,0,0
2024-03-13 19:32:06.423,0,0,0
2024-03-13 19:32:06.427,0,0,0
2024-03-13 19:32:06.429,0,0,0
2024-03-13 19:32:06.433,0,0,0
2024-03-13 19:32:06.435,0,0,0
2024-03-13 19:32:06.437,0,0,0
2024-03-13 19:32:06.441,0,0,0
2024-03-13 19:32:06.444,0,0,0
2024-03-13 19:32:06.446,0,0,0
2024-03-13 19:32:06.449,0,0,0
2024-03-13 19:32:06.451,0,0,0
2024-03-13 19:32:06.454,0,0,0
2024-03-13 19:32:06.456,0,0,0
2024-03-13 19:32:06.459,0,0,0
2024-03-13 19:32:06.463,0,0,0
2024-03-13 19:32:06.466,0,0,0
2024-03-13 19:32:06.467,0,0,0
2024-03-13 19:32:06.471,0,0,0
2024-03-13 19:32:06.473,0,0,0
2024-03-13 19:32:06.476,0,0,0
2024-03-13 19:32:06.478,0,0,0
2024-03-13 19:32:06.481,0,0,0
2024-03-13 19:32:06.484,0,0,0
2024-03-13 19:32:06.487,0,0,0
2024-03-13 19:32:06.489,0,0,0
2024-03-13 19:32:06.492,0,0,0
2024-03-13 19:32:06.496,0,0,0
2024-03-13 19:32:06.498,0,0,0
2024-03-13 19:32:06.501,0,0,0
2024-03-13 19:32:06.504,0,0,0
2024-03-13 19:32:06.507,0,0,0
2024-03-13 19:32:06.511,0,0,0
2024-03-13 19:32:06.515,0,0,0
2024-03-13 19:32:06.517,0,0,0
2024-03-13 19:32:06.519,0,0,0
2024-03-13 19:32:06.523,0,0,0
2024-03-13 19:32:06.527,0,0,0
2024-03-13 19:32:06.531,0,0,0
2024-03-13 19:32:06.534,0,0,0
2024-03-13 19:32:06.537,0,0,0
2024-03-13 19:32:06.540,0,0,0
2024-03-13 19:32:06.543,0,0,0
2024-03-13 19:32:06.547,0,0,0
2024-03-13 19:32:06.551,0,0,0
2024-03-13 19:32:06.553,0,0,0
2024-03-13 19:32:06.555,0,0,0
2024-03-13 19:32:06.559,0,0,0
2024-03-13 19:32:06.563,0,0,0
2024-03-13 19:32:06.566,0,0,0
2024-03-13 19:32:06.569,0,0,0
2024-03-13 19:32:06.571,0,0,0
2024-03-13 19:32:06.575,0,0,0
2024-03-13 19:32:06.577,0,0,0
2024-03-13 19:32:06.580,0,0,0
2024-03-13 19:32:06.583,0,0,0
2024-03-13 19:32:06.585,0,0,0
2024-03-13 19:32:06.589,0,0,0
2024-03-13 19:32:06.592,0,0,0
2024-03-13 19:32:06.594,0,0,0
2024-03-13 19:32:06.597,0,0,0
2024-03-13 19:32:06.599,0,0,0
2024-03-13 19:32:06.601,0,0,0
2024-03-13 19:32:06.607,0,0,0
2024-03-13 19:32:06.609,0,0,0
2024-03-13 19:32:06.611,0,0,0
2024-03-13 19:32:06.614,0,0,0
2024-03-13 19:32:06.617,0,0,0
2024-03-13 19:32:06.620,0,0,0
2024-03-13 19:32:06.623,0,0,0
2024-03-13 19:32:06.624,0,0,0
2024-03-13 19:32:06.627,0,0,0
2024-03-13 19:32:06.630,0,0,0
2024-03-13 19:32:06.632,0,0,0
2024-03-13 19:32:06.636,0,0,0
2024-03-13 19:32:06.639,0,0,0
2024-03-13 19:32:06.642,0,0,0
2024-03-13 19:32:06.645,0,0,0
2024-03-13 19:32:06.647,0,0,0
2024-03-13 19:32:06.650,0,0,0
2024-03-13 19:32:06.653,0,0,0
2024-03-13 19:32:06.656,0,0,0
2024-03-13 19:32:06.658,0,0,0
2024-03-13 19:32:06.661,0,0,0
2024-03-13 19:32:06.664,0,0,0
2024-03-13 19:32:06.668,0,0,0
2024-03-13 19:32:06.670,0,0,0
2024-03-13 19:32:06.673,0,0,0
2024-03-13 19:32:06.676,0,0,0
2024-03-13 19:32:06.679,0,0,0
2024-03-13 19:32:06.682,0,0,0
2024-03-13 19:32:06.685,0,0,0
2024-03-13 19:32:06.688,0,0,0
2024-03-13 19:32:06.690,0,0,0
2024-03-13 19:32:06.693,0,0,0
2024-03-13 19:32:06.695,0,0,0
2024-03-13 19:32:06.699,0,0,0
2024-03-13 19:32:06.701,0,0,0
2024-03-13 19:32:06.704,0,0,0
2024-03-13 19:32:06.707,0,0,0
2024-03-13 19:32:06.710,0,0,0
2024-03-13 19:32:06.713,0,0,0
2024-03-13 19:32:06.716,0,0,0
2024-03-13 19:32:06.719,0,0,0
2024-03-13 19:32:06.721,0,0,0
2024-03-13 19:32:06.724,0,0,0
2024-03-13 19:32:06.728,0,0,0
2024-03-13 19:32:06.731,0,0,0
2024-03-13 19:32:06.734,0,0,0
2024-03-13 19:32:06.736,0,0,0
2024-03-13 19:32:06.739,0,0,0
2024-03-13 19:32:06.742,0,0,0
2024-03-13 19:32:06.745,0,0,0
2024-03-13 19:32:06.747,0,0,0
2024-03-13 19:32:06.751,0,0,0
2024-03-13 19:32:06.754,0,0,0
2024-03-13 19:32:06.756,0,0,0
2024-03-13 19:32:06.760,0,0,0
2024-03-13 19:32:06.762,0,0,0
2024-03-13 19:32:06.764,0,0,0
2024-03-13 19:32:06.768,0,0,0
2024-03-13 19:32:06.770,0,0,0
2024-03-13 19:32:06.774,0,0,0
2024-03-13 19:32:06.776,0,0,0
2024-03-13 19:32:06.780,0,0,0
2024-03-13 19:32:06.782,0,0,0
2024-03-13 19:32:06.785,0,0,0
2024-03-13 19:32:06.788,0,0,0
2024-03-13 19:32:06.791,0,0,0
2024-03-13 19:32:06.794,0,0,0
2024-03-13 19:32:06.798,0,0,0
2024-03-13 19:32:06.799,0,0,0
2024-03-13 19:32:06.803,0,0,0
2024-03-13 19:32:06.807,0,0,0
2024-03-13 19:32:06.809,0,0,0
2024-03-13 19:32:06.811,0,0,0
2024-03-13 19:32:06.814,0,0,0
2024-03-13 19:32:06.816,0,0,0
2024-03-13 19:32:06.819,0,0,0
2024-03-13 19:32:06.822,0,0,0
2024-03-13 19:32:06.825,0,0,0
2024-03-13 19:32:06.828,0,0,0
2024-03-13 19:32:06.831,0,0,0
2024-03-13 19:32:06.834,0,0,0
2024-03-13 19:32:06.837,0,0,0
2024-03-13 19:32:06.840,0,0,0
2024-03-13 19:32:06.843,0,0,0
2024-03-13 19:32:06.846,0,0,0
2024-03-13 19:32:06.848,0,0,0
2024-03-13 19:32:06.850,0,0,0
2024-03-13 19:32:06.854,0,0,0
2024-03-13 19:32:06.857,0,0,0
2024-03-13 19:32:06.860,0,0,0
2024-03-13 19:32:06.863,0,0,0
2024-03-13 19:32:06.866,0,0,0
2024-03-13 19:32:06.869,0,0,0
2024-03-13 19:32:06.871,0,0,0
2024-03-13 19:32:06.875,0,0,0
2024-03-13 19:32:06.876,0,0,0
2024-03-13 19:32:06.880,0,0,0
2024-03-13 19:32:06.884,0,0,0
2024-03-13 19:32:06.886,0,0,0
2024-03-13 19:32:06.889,0,0,0
2024-03-13 19:32:06.891,0,0,0
2024-03-13 19:32:06.894,0,0,0
2024-03-13 19:32:06.897,0,0,0
2024-03-13 19:32:06.900,0,0,0
2024-03-13 19:32:06.903,0,0,0
2024-03-13 19:32:06.905,0,0,0
2024-03-13 19:32:06.907,0,0,0
2024-03-13 19:32:06.910,0,0,0
2024-03-13 19:32:06.914,0,0,0
2024-03-13 19:32:06.917,0,0,0
2024-03-13 19:32:06.919,0,0,0
2024-03-13 19:32:06.923,0,0,0
2024-03-13 19:32:06.926,0,0,0
2024-03-13 19:32:06.929,0,0,0
2024-03-13 19:32:06.932,0,0,0
2024-03-13 19:32:06.935,0,0,0
2024-03-13 19:32:06.937,0,0,0
2024-03-13 19:32:06.940,0,0,0
2024-03-13 19:32:06.944,0,0,0
2024-03-13 19:32:06.947,0,0,0
2024-03-13 19:32:06.951,0,0,0
2024-03-13 19:32:06.953,0,0,0
2024-03-13 19:32:06.956,0,0,0
2024-03-13 19:32:06.958,0,0,0
2024-03-13 19:32:06.961,0,0,0
2024-03-13 19:32:06.964,0,0,0
2024-03-13 19:32:06.967,0,0,0
2024-03-13 19:32:06.969,0,0,0
2024-03-13 19:32:06.972,0,0,0
2024-03-13 19:32:06.974,0,0,0
2024-03-13 19:32:06.977,0,0,0
2024-03-13 19:32:06.980,0,0,0
2024-03-13 19:32:06.982,0,0,0
2024-03-13 19:32:06.985,0,0,0
2024-03-13 19:32:06.987,0,0,0
2024-03-13 19:32:06.989,0,0,0
2024-03-13 19:32:06.992,0,0,0
2024-03-13 19:32:06.995,0,0,0
2024-03-13 19:32:06.998,0,0,0
2024-03-13 19:32:07.1,0,0,0
2024-03-13 19:32:07.3,0,0,0
2024-03-13 19:32:07.7,0,0,0
2024-03-13 19:32:07.9,0,0,0
2024-03-13 19:32:07.12,0,0,0
2024-03-13 19:32:07.15,0,0,0
2024-03-13 19:32:07.18,0,0,0
2024-03-13 19:32:07.20,0,0,0
2024-03-13 19:32:07.25,0,0,0
2024-03-13 19:32:07.28,0,0,0
2024-03-13 19:32:07.30,0,0,0
2024-03-13 19:32:07.33,0,0,0
2024-03-13 19:32:07.36,0,0,0
2024-03-13 19:32:07.40,0,0,0
2024-03-13 19:32:07.42,0,0,0
2024-03-13 19:32:07.45,0,0,0
2024-03-13 19:32:07.48,0,0,0
2024-03-13 19:32:07.51,0,0,0
2024-03-13 19:32:07.54,0,0,0
2024-03-13 19:32:07.56,0,0,0
2024-03-13 19:32:07.58,0,0,0
2024-03-13 19:32:07.61,0,0,0
2024-03-13 19:32:07.66,0,0,0
2024-03-13 19:32:07.69,0,0,0
2024-03-13 19:32:07.71,0,0,0
2024-03-13 19:32:07.75,0,0,0
2024-03-13 19:32:07.78,0,0,0
2024-03-13 19:32:07.81,0,0,0
2024-03-13 19:32:07.84,0,0,0
2024-03-13 19:32:07.87,0,0,0
2024-03-13 19:32:07.90,0,0,0
2024-03-13 19:32:07.92,0,0,0
2024-03-13 19:32:07.95,0,0,0
2024-03-13 19:32:07.98,0,0,0
2024-03-13 19:32:07.102,0,0,0
2024-03-13 19:32:07.104,0,0,0
2024-03-13 19:32:07.108,0,0,0
2024-03-13 19:32:07.111,0,0,0
2024-03-13 19:32:07.113,0,0,0
2024-03-13 19:32:07.117,0,0,0
2024-03-13 19:32:07.119,0,0,0
2024-03-13 19:32:07.121,0,0,0
2024-03-13 19:32:07.125,0,0,0
2024-03-13 19:32:07.127,0,0,0
2024-03-13 19:32:07.131,0,0,0
2024-03-13 19:32:07.135,0,0,0
2024-03-13 19:32:07.137,0,0,0
2024-03-13 19:32:07.139,0,0,0
2024-03-13 19:32:07.142,0,0,0
2024-03-13 19:32:07.145,0,0,0
2024-03-13 19:32:07.149,0,0,0
2024-03-13 19:32:07.151,0,0,0
2024-03-13 19:32:07.154,0,0,0
2024-03-13 19:32:07.156,0,0,0
2024-03-13 19:32:07.159,0,0,0
2024-03-13 19:32:07.162,0,0,0
2024-03-13 19:32:07.166,0,0,0
2024-03-13 19:32:07.168,0,0,0
2024-03-13 19:32:07.170,0,0,0
2024-03-13 19:32:07.173,0,0,0
2024-03-13 19:32:07.177,0,0,0
2024-03-13 19:32:07.179,0,0,0
2024-03-13 19:32:07.182,0,0,0
2024-03-13 19:32:07.185,0,0,0
2024-03-13 19:32:07.188,0,0,0
2024-03-13 19:32:07.193,0,0,0
2024-03-13 19:32:07.195,0,0,0
2024-03-13 19:32:07.197,0,0,0
2024-03-13 19:32:07.201,0,0,0
2024-03-13 19:32:07.203,0,0,0
2024-03-13 19:32:07.206,0,0,0
2024-03-13 19:32:07.208,0,0,0
2024-03-13 19:32:07.212,0,0,0
2024-03-13 19:32:07.214,0,0,0
2024-03-13 19:32:07.216,0,0,0
2024-03-13 19:32:07.219,0,0,0
2024-03-13 19:32:07.221,0,0,0
2024-03-13 19:32:07.225,0,0,0
2024-03-13 19:32:07.228,0,0,0
2024-03-13 19:32:07.231,0,0,0
2024-03-13 19:32:07.234,0,0,0
2024-03-13 19:32:07.237,0,0,0
2024-03-13 19:32:07.240,0,0,0
2024-03-13 19:32:07.251,0,0,0
2024-03-13 19:32:07.254,0,0,0
2024-03-13 19:32:07.256,0,0,0
2024-03-13 19:32:07.260,0,0,0
2024-03-13 19:32:07.262,0,0,0
2024-03-13 19:32:07.265,0,0,0
2024-03-13 19:32:07.268,0,0,0
2024-03-13 19:32:07.272,0,0,0
2024-03-13 19:32:07.274,0,0,0
2024-03-13 19:32:07.276,0,0,0
2024-03-13 19:32:07.279,0,0,0
2024-03-13 19:32:07.281,0,0,0
2024-03-13 19:32:07.284,0,0,0
2024-03-13 19:32:07.288,0,0,0
2024-03-13 19:32:07.290,0,0,0
2024-03-13 19:32:07.293,0,0,0
2024-03-13 19:32:07.296,0,0,0
2024-03-13 19:32:07.298,0,0,0
2024-03-13 19:32:07.302,0,0,0
2024-03-13 19:32:07.305,0,0,0
2024-03-13 19:32:07.308,0,0,0
2024-03-13 19:32:07.311,0,0,0
2024-03-13 19:32:07.313,0,0,0
2024-03-13 19:32:07.316,0,0,0
2024-03-13 19:32:07.320,0,0,0
2024-03-13 19:32:07.322,0,0,0
2024-03-13 19:32:07.326,0,0,0
2024-03-13 19:32:07.328,0,0,0
2024-03-13 19:32:07.330,0,0,0
2024-03-13 19:32:07.334,0,0,0
2024-03-13 19:32:07.337,0,0,0
2024-03-13 19:32:07.340,0,0,0
2024-03-13 19:32:07.342,0,0,0
2024-03-13 19:32:07.345,0,0,0
2024-03-13 19:32:07.347,0,0,0
2024-03-13 19:32:07.351,0,0,0
2024-03-13 19:32:07.354,0,0,0
2024-03-13 19:32:07.356,0,0,0
2024-03-13 19:32:07.359,0,0,0
2024-03-13 19:32:07.362,0,0,0
2024-03-13 19:32:07.366,0,0,0
2024-03-13 19:32:07.368,0,0,0
2024-03-13 19:32:07.372,0,0,0
2024-03-13 19:32:07.374,0,0,0
2024-03-13 19:32:07.376,0,0,0
2024-03-13 19:32:07.381,0,0,0
2024-03-13 19:32:07.385,0,0,0
2024-03-13 19:32:07.388,0,0,0
2024-03-13 19:32:07.391,0,0,0
2024-03-13 19:32:07.393,0,0,0
2024-03-13 19:32:07.397,0,0,0
2024-03-13 19:32:07.400,0,0,0
2024-03-13 19:32:07.402,0,0,0
2024-03-13 19:32:07.405,0,0,0
2024-03-13 19:32:07.408,0,0,0
2024-03-13 19:32:07.410,0,0,0
2024-03-13 19:32:07.414,0,0,0
2024-03-13 19:32:07.417,0,0,0
2024-03-13 19:32:07.420,0,0,0
2024-03-13 19:32:07.422,0,0,0
2024-03-13 19:32:07.425,0,0,0
2024-03-13 19:32:07.428,0,0,0
2024-03-13 19:32:07.431,0,0,0
2024-03-13 19:32:07.433,0,0,0
2024-03-13 19:32:07.436,0,0,0
2024-03-13 19:32:07.438,0,0,0
2024-03-13 19:32:07.441,0,0,0
2024-03-13 19:32:07.445,0,0,0
2024-03-13 19:32:07.447,0,0,0
2024-03-13 19:32:07.450,0,0,0
2024-03-13 19:32:07.453,0,0,0
2024-03-13 19:32:07.455,0,0,0
2024-03-13 19:32:07.458,0,0,0
2024-03-13 19:32:07.461,0,0,0
2024-03-13 19:32:07.464,0,0,0
2024-03-13 19:32:07.467,0,0,0
2024-03-13 19:32:07.469,0,0,0
2024-03-13 19:32:07.472,0,0,0
2024-03-13 19:32:07.475,0,0,0
2024-03-13 19:32:07.478,0,0,0
2024-03-13 19:32:07.480,0,0,0
2024-03-13 19:32:07.484,0,0,0
2024-03-13 19:32:07.487,0,0,0
2024-03-13 19:32:07.489,0,0,0
2024-03-13 19:32:07.492,0,0,0
2024-03-13 19:32:07.495,0,0,0
2024-03-13 19:32:07.499,0,0,0
2024-03-13 19:32:07.501,0,0,0
2024-03-13 19:32:07.505,0,0,0
2024-03-13 19:32:07.508,0,0,0
2024-03-13 19:32:07.511,0,0,0
2024-03-13 19:32:07.514,0,0,0
2024-03-13 19:32:07.516,0,0,0
2024-03-13 19:32:07.519,0,0,0
2024-03-13 19:32:07.521,0,0,0
2024-03-13 19:32:07.525,0,0,0
2024-03-13 19:32:07.527,0,0,0
2024-03-13 19:32:07.529,0,0,0
2024-03-13 19:32:07.532,0,0,0
2024-03-13 19:32:07.535,0,0,0
2024-03-13 19:32:07.538,0,0,0
2024-03-13 19:32:07.541,0,0,0
2024-03-13 19:32:07.543,0,0,0
2024-03-13 19:32:07.546,0,0,0
2024-03-13 19:32:07.549,0,0,0
2024-03-13 19:32:07.553,0,0,0
2024-03-13 19:32:07.556,0,0,0
2024-03-13 19:32:07.558,0,0,0
2024-03-13 19:32:07.561,0,0,0
2024-03-13 19:32:07.564,0,0,0
2024-03-13 19:32:07.569,0,0,0
2024-03-13 19:32:07.571,0,0,0
2024-03-13 19:32:07.574,0,0,0
2024-03-13 19:32:07.577,0,0,0
2024-03-13 19:32:07.580,0,0,0
2024-03-13 19:32:07.582,0,0,0
2024-03-13 19:32:07.585,0,0,0
2024-03-13 19:32:07.588,0,0,0
2024-03-13 19:32:07.591,0,0,0
2024-03-13 19:32:07.594,0,0,0
2024-03-13 19:32:07.596,0,0,0
2024-03-13 19:32:07.600,0,0,0
2024-03-13 19:32:07.603,0,0,0
2024-03-13 19:32:07.606,0,0,0
2024-03-13 19:32:07.609,0,0,0
2024-03-13 19:32:07.612,0,0,0
2024-03-13 19:32:07.614,0,0,0
2024-03-13 19:32:07.617,0,0,0
2024-03-13 19:32:07.620,0,0,0
2024-03-13 19:32:07.623,0,0,0
2024-03-13 19:32:07.626,0,0,0
2024-03-13 19:32:07.628,0,0,0
2024-03-13 19:32:07.632,0,0,0
2024-03-13 19:32:07.635,0,0,0
2024-03-13 19:32:07.637,0,0,0
2024-03-13 19:32:07.641,0,0,0
2024-03-13 19:32:07.643,0,0,0
2024-03-13 19:32:07.646,0,0,0
2024-03-13 19:32:07.649,0,0,0
2024-03-13 19:32:07.651,0,0,0
2024-03-13 19:32:07.654,0,0,0
2024-03-13 19:32:07.656,0,0,0
2024-03-13 19:32:07.659,0,0,0
2024-03-13 19:32:07.663,0,0,0
2024-03-13 19:32:07.666,0,0,0
2024-03-13 19:32:07.669,0,0,0
2024-03-13 19:32:07.671,0,0,0
2024-03-13 19:32:07.674,0,0,0
2024-03-13 19:32:07.678,0,0,0
2024-03-13 19:32:07.681,0,0,0
2024-03-13 19:32:07.684,0,0,0
2024-03-13 19:32:07.687,0,0,0
2024-03-13 19:32:07.689,0,0,0
2024-03-13 19:32:07.694,0,0,0
2024-03-13 19:32:07.696,0,0,0
2024-03-13 19:32:07.700,0,0,0
2024-03-13 19:32:07.703,0,0,0
2024-03-13 19:32:07.705,0,0,0
2024-03-13 19:32:07.709,0,0,0
2024-03-13 19:32:07.712,0,0,0
2024-03-13 19:32:07.714,0,0,0
2024-03-13 19:32:07.717,0,0,0
2024-03-13 19:32:07.720,0,0,0
2024-03-13 19:32:07.722,0,0,0
2024-03-13 19:32:07.725,0,0,0
2024-03-13 19:32:07.728,0,0,0
2024-03-13 19:32:07.730,0,0,0
2024-03-13 19:32:07.734,0,0,0
2024-03-13 19:32:07.736,0,0,0
2024-03-13 19:32:07.740,0,0,0
2024-03-13 19:32:07.743,0,0,0
2024-03-13 19:32:07.745,0,0,0
2024-03-13 19:32:07.748,0,0,0
2024-03-13 19:32:07.751,0,0,0
2024-03-13 19:32:07.754,0,0,0
2024-03-13 19:32:07.757,0,0,0
2024-03-13 19:32:07.760,0,0,0
2024-03-13 19:32:07.763,0,0,0
2024-03-13 19:32:07.765,0,0,0
2024-03-13 19:32:07.769,0,0,0
2024-03-13 19:32:07.772,0,0,0
2024-03-13 19:32:07.774,0,0,0
2024-03-13 19:32:07.778,0,0,0
2024-03-13 19:32:07.780,0,0,0
2024-03-13 19:32:07.783,0,0,0
2024-03-13 19:32:07.786,0,0,0
2024-03-13 19:32:07.788,0,0,0
2024-03-13 19:32:07.791,0,0,0
2024-03-13 19:32:07.794,0,0,0
2024-03-13 19:32:07.798,0,0,0
2024-03-13 19:32:07.800,0,0,0
2024-03-13 19:32:07.803,0,0,0
2024-03-13 19:32:07.806,0,0,0
2024-03-13 19:32:07.808,0,0,0
2024-03-13 19:32:07.811,0,0,0
2024-03-13 19:32:07.814,0,0,0
2024-03-13 19:32:07.817,0,0,0
2024-03-13 19:32:07.821,0,0,0
2024-03-13 19:32:07.823,0,0,0
2024-03-13 19:32:07.826,0,0,0
2024-03-13 19:32:07.829,0,0,0
2024-03-13 19:32:07.832,0,0,0
2024-03-13 19:32:07.835,0,0,0
2024-03-13 19:32:07.837,0,0,0
2024-03-13 19:32:07.841,0,0,0
2024-03-13 19:32:07.843,0,0,0
2024-03-13 19:32:07.848,0,0,0
2024-03-13 19:32:07.851,0,0,0
2024-03-13 19:32:07.853,0,0,0
2024-03-13 19:32:07.856,0,0,0
2024-03-13 19:32:07.858,0,0,0
2024-03-13 19:32:07.863,0,0,0
2024-03-13 19:32:07.865,0,0,0
2024-03-13 19:32:07.868,0,0,0
2024-03-13 19:32:07.871,0,0,0
2024-03-13 19:32:07.873,0,0,0
2024-03-13 19:32:07.875,0,0,0
2024-03-13 19:32:07.879,0,0,0
2024-03-13 19:32:07.881,0,0,0
2024-03-13 19:32:07.884,0,0,0
2024-03-13 19:32:07.887,0,0,0
2024-03-13 19:32:07.890,0,0,0
2024-03-13 19:32:07.893,0,0,0
2024-03-13 19:32:07.895,0,0,0
2024-03-13 19:32:07.898,0,0,0
2024-03-13 19:32:07.900,0,0,0
2024-03-13 19:32:07.903,0,0,0
2024-03-13 19:32:07.906,0,0,0
2024-03-13 19:32:07.908,0,0,0
2024-03-13 19:32:07.912,0,0,0
2024-03-13 19:32:07.915,0,0,0
2024-03-13 19:32:07.917,0,0,0
2024-03-13 19:32:07.920,0,0,0
2024-03-13 19:32:07.924,0,0,0
2024-03-13 19:32:07.927,0,0,0
2024-03-13 19:32:07.929,0,0,0
2024-03-13 19:32:07.932,0,0,0
2024-03-13 19:32:07.936,0,0,0
2024-03-13 19:32:07.938,0,0,0
2024-03-13 19:32:07.941,0,0,0
2024-03-13 19:32:07.944,0,0,0
2024-03-13 19:32:07.946,0,0,0
2024-03-13 19:32:07.949,0,0,0
2024-03-13 19:32:07.951,0,0,0
2024-03-13 19:32:07.954,0,0,0
2024-03-13 19:32:07.957,0,0,0
2024-03-13 19:32:07.960,0,0,0
2024-03-13 19:32:07.963,0,0,0
2024-03-13 19:32:07.966,0,0,0
2024-03-13 19:32:07.969,0,0,0
2024-03-13 19:32:07.972,0,0,0
2024-03-13 19:32:07.975,0,0,0
2024-03-13 19:32:07.979,0,0,0
2024-03-13 19:32:07.981,0,0,0
2024-03-13 19:32:07.984,0,0,0
2024-03-13 19:32:07.987,0,0,0
2024-03-13 19:32:07.990,0,0,0
2024-03-13 19:32:07.992,0,0,0
2024-03-13 19:32:07.994,0,0,0
2024-03-13 19:32:07.998,0,0,0
2024-03-13 19:32:08.0,0,0,0
2024-03-13 19:32:08.4,0,0,0
2024-03-13 19:32:08.7,0,0,0
2024-03-13 19:32:08.9,0,0,0
2024-03-13 19:32:08.12,0,0,0
2024-03-13 19:32:08.14,0,0,0
2024-03-13 19:32:08.17,0,0,0
2024-03-13 19:32:08.20,0,0,0
2024-03-13 19:32:08.21,0,0,0
2024-03-13 19:32:08.25,0,0,0
2024-03-13 19:32:08.28,0,0,0
2024-03-13 19:32:08.30,0,0,0
2024-03-13 19:32:08.34,0,0,0
2024-03-13 19:32:08.37,0,0,0
2024-03-13 19:32:08.40,0,0,0
2024-03-13 19:32:08.42,0,0,0
2024-03-13 19:32:08.46,0,0,0
2024-03-13 19:32:08.49,0,0,0
2024-03-13 19:32:08.51,0,0,0
2024-03-13 19:32:08.54,0,0,0
2024-03-13 19:32:08.57,0,0,0
2024-03-13 19:32:08.59,0,0,0
2024-03-13 19:32:08.63,0,0,0
2024-03-13 19:32:08.66,0,0,0
2024-03-13 19:32:08.68,0,0,0
2024-03-13 19:32:08.71,0,0,0
2024-03-13 19:32:08.73,0,0,0
2024-03-13 19:32:08.76,0,0,0
2024-03-13 19:32:08.78,0,0,0
2024-03-13 19:32:08.82,0,0,0
2024-03-13 19:32:08.84,0,0,0
2024-03-13 19:32:08.87,0,0,0
2024-03-13 19:32:08.89,0,0,0
2024-03-13 19:32:08.92,0,0,0
2024-03-13 19:32:08.94,0,0,0
2024-03-13 19:32:08.98,0,0,0
2024-03-13 19:32:08.101,0,0,0
2024-03-13 19:32:08.104,0,0,0
2024-03-13 19:32:08.107,0,0,0
2024-03-13 19:32:08.109,0,0,0
2024-03-13 19:32:08.112,0,0,0
2024-03-13 19:32:08.115,0,0,0
2024-03-13 19:32:08.117,0,0,0
2024-03-13 19:32:08.120,0,0,0
2024-03-13 19:32:08.123,0,0,0
2024-03-13 19:32:08.125,0,0,0
2024-03-13 19:32:08.129,0,0,0
2024-03-13 19:32:08.131,0,0,0
2024-03-13 19:32:08.134,0,0,0
2024-03-13 19:32:08.137,0,0,0
2024-03-13 19:32:08.140,0,0,0
2024-03-13 19:32:08.143,0,0,0
2024-03-13 19:32:08.146,0,0,0
2024-03-13 19:32:08.149,0,0,0
2024-03-13 19:32:08.152,0,0,0
2024-03-13 19:32:08.469,0,0,0
2024-03-13 19:32:08.477,0,0,0
2024-03-13 19:32:08.486,0,0,0
2024-03-13 19:32:08.492,0,0,0
2024-03-13 19:32:08.497,0,0,0
2024-03-13 19:32:08.503,0,0,0
2024-03-13 19:32:08.507,0,0,0
2024-03-13 19:32:08.520,0,0,0
2024-03-13 19:32:08.525,0,0,0
2024-03-13 19:32:08.530,0,0,0
2024-03-13 19:32:08.535,0,0,0
2024-03-13 19:32:08.539,0,0,0
2024-03-13 19:32:08.544,0,0,0
2024-03-13 19:32:08.548,0,0,0
2024-03-13 19:32:08.552,0,0,0
2024-03-13 19:32:08.556,0,0,0
2024-03-13 19:32:08.561,0,0,0
2024-03-13 19:32:08.567,0,0,0
2024-03-13 19:32:08.572,0,0,0
2024-03-13 19:32:08.575,0,0,0
2024-03-13 19:32:08.581,0,0,0
2024-03-13 19:32:08.584,0,0,0
2024-03-13 19:32:08.589,0,0,0
2024-03-13 19:32:08.592,0,0,0
2024-03-13 19:32:08.597,0,0,0
2024-03-13 19:32:08.599,0,0,0
2024-03-13 19:32:08.604,0,0,0
2024-03-13 19:32:08.607,0,0,0
2024-03-13 19:32:08.611,0,0,0
2024-03-13 19:32:08.614,0,0,0
2024-03-13 19:32:08.618,0,0,0
2024-03-13 19:32:08.621,0,0,0
2024-03-13 19:32:08.625,0,0,0
2024-03-13 19:32:08.629,0,0,0
2024-03-13 19:32:08.632,0,0,0
2024-03-13 19:32:08.635,0,0,0
2024-03-13 19:32:08.637,0,0,0
2024-03-13 19:32:08.641,0,0,0
2024-03-13 19:32:08.645,0,0,0
2024-03-13 19:32:08.648,0,0,0
2024-03-13 19:32:08.651,0,0,0
2024-03-13 19:32:08.654,0,0,0
2024-03-13 19:32:08.657,0,0,0
2024-03-13 19:32:08.661,0,0,0
2024-03-13 19:32:08.663,0,0,0
2024-03-13 19:32:08.667,0,0,0
2024-03-13 19:32:08.669,0,0,0
2024-03-13 19:32:08.672,0,0,0
2024-03-13 19:32:08.676,0,0,0
2024-03-13 19:32:08.679,0,0,0
2024-03-13 19:32:08.681,0,0,0
2024-03-13 19:32:08.685,0,0,0
2024-03-13 19:32:08.688,0,0,0
2024-03-13 19:32:08.691,0,0,0
2024-03-13 19:32:08.694,0,0,0
2024-03-13 19:32:08.697,0,0,0
2024-03-13 19:32:08.700,0,0,0
2024-03-13 19:32:08.703,0,0,0
2024-03-13 19:32:08.706,0,0,0
2024-03-13 19:32:08.709,0,0,0
2024-03-13 19:32:08.711,0,0,0
2024-03-13 19:32:08.714,0,0,0
2024-03-13 19:32:08.719,0,0,0
2024-03-13 19:32:08.722,0,0,0
2024-03-13 19:32:08.725,0,0,0
2024-03-13 19:32:08.727,0,0,0
2024-03-13 19:32:08.730,0,0,0
2024-03-13 19:32:08.733,0,0,0
2024-03-13 19:32:08.736,0,0,0
2024-03-13 19:32:08.738,0,0,0
2024-03-13 19:32:08.742,0,0,0
2024-03-13 19:32:08.745,0,0,0
2024-03-13 19:32:08.748,0,0,0
2024-03-13 19:32:08.750,0,0,0
2024-03-13 19:32:08.754,0,0,0
2024-03-13 19:32:08.757,0,0,0
2024-03-13 19:32:08.760,0,0,0
2024-03-13 19:32:08.763,0,0,0
2024-03-13 19:32:08.767,0,0,0
2024-03-13 19:32:08.769,0,0,0
2024-03-13 19:32:08.772,0,0,0
2024-03-13 19:32:08.774,0,0,0
2024-03-13 19:32:08.778,0,0,0
2024-03-13 19:32:08.781,0,0,0
2024-03-13 19:32:08.784,0,0,0
2024-03-13 19:32:08.786,0,0,0
2024-03-13 19:32:08.789,0,0,0
2024-03-13 19:32:08.793,0,0,0
2024-03-13 19:32:08.795,0,0,0
2024-03-13 19:32:08.798,0,0,0
2024-03-13 19:32:08.801,0,0,0
2024-03-13 19:32:08.804,0,0,0
2024-03-13 19:32:08.806,0,0,0
2024-03-13 19:32:08.810,0,0,0
2024-03-13 19:32:08.813,0,0,0
2024-03-13 19:32:08.815,0,0,0
2024-03-13 19:32:08.818,0,0,0
2024-03-13 19:32:08.820,0,0,0
2024-03-13 19:32:08.824,0,0,0
2024-03-13 19:32:08.827,0,0,0
2024-03-13 19:32:08.830,0,0,0
2024-03-13 19:32:08.832,0,0,0
2024-03-13 19:32:08.835,0,0,0
2024-03-13 19:32:08.838,0,0,0
2024-03-13 19:32:08.841,0,0,0
2024-03-13 19:32:08.844,0,0,0
2024-03-13 19:32:08.848,0,0,0
2024-03-13 19:32:08.851,0,0,0
2024-03-13 19:32:08.853,0,0,0
2024-03-13 19:32:08.855,0,0,0
2024-03-13 19:32:08.860,0,0,0
2024-03-13 19:32:08.863,0,0,0
2024-03-13 19:32:08.867,0,0,0
2024-03-13 19:32:08.869,0,0,0
2024-03-13 19:32:08.872,0,0,0
2024-03-13 19:32:08.875,0,0,0
2024-03-13 19:32:08.878,0,0,0
2024-03-13 19:32:08.881,0,0,0
2024-03-13 19:32:08.884,0,0,0
2024-03-13 19:32:08.886,0,0,0
2024-03-13 19:32:08.891,0,0,0
2024-03-13 19:32:08.894,0,0,0
2024-03-13 19:32:08.896,0,0,0
2024-03-13 19:32:08.899,0,0,0
2024-03-13 19:32:08.901,0,0,0
2024-03-13 19:32:08.904,0,0,0
2024-03-13 19:32:08.908,0,0,0
2024-03-13 19:32:08.910,0,0,0
2024-03-13 19:32:08.914,0,0,0
2024-03-13 19:32:08.916,0,0,0
2024-03-13 19:32:08.918,0,0,0
2024-03-13 19:32:08.922,0,0,0
2024-03-13 19:32:08.924,0,0,0
2024-03-13 19:32:08.928,0,0,0
2024-03-13 19:32:08.930,0,0,0
2024-03-13 19:32:08.933,0,0,0
2024-03-13 19:32:08.936,0,0,0
2024-03-13 19:32:08.939,0,0,0
2024-03-13 19:32:08.941,0,0,0
2024-03-13 19:32:08.944,0,0,0
2024-03-13 19:32:08.946,0,0,0
2024-03-13 19:32:08.948,0,0,0
2024-03-13 19:32:08.952,0,0,0
2024-03-13 19:32:08.955,0,0,0
2024-03-13 19:32:08.957,0,0,0
2024-03-13 19:32:08.961,0,0,0
2024-03-13 19:32:08.963,0,0,0
2024-03-13 19:32:08.969,0,0,0
2024-03-13 19:32:08.971,0,0,0
2024-03-13 19:32:08.974,0,0,0
2024-03-13 19:32:08.978,0,0,0
2024-03-13 19:32:08.980,0,0,0
2024-03-13 19:32:08.983,0,0,0
2024-03-13 19:32:08.986,0,0,0
2024-03-13 19:32:08.989,0,0,0
2024-03-13 19:32:08.991,0,0,0
2024-03-13 19:32:08.995,0,0,0
2024-03-13 19:32:08.998,0,0,0
2024-03-13 19:32:09.1,0,0,0
2024-03-13 19:32:09.4,0,0,0
2024-03-13 19:32:09.6,0,0,0
2024-03-13 19:32:09.9,0,0,0
2024-03-13 19:32:09.11,0,0,0
2024-03-13 19:32:09.15,0,0,0
2024-03-13 19:32:09.18,0,0,0
2024-03-13 19:32:09.20,0,0,0
2024-03-13 19:32:09.23,0,0,0
2024-03-13 19:32:09.25,0,0,0
2024-03-13 19:32:09.29,0,0,0
2024-03-13 19:32:09.31,0,0,0
2024-03-13 19:32:09.34,0,0,0
2024-03-13 19:32:09.37,0,0,0
2024-03-13 19:32:09.39,0,0,0
2024-03-13 19:32:09.43,0,0,0
2024-03-13 19:32:09.45,0,0,0
2024-03-13 19:32:09.48,0,0,0
2024-03-13 19:32:09.51,0,0,0
2024-03-13 19:32:09.54,0,0,0
2024-03-13 19:32:09.58,0,0,0
2024-03-13 19:32:09.61,0,0,0
2024-03-13 19:32:09.63,0,0,0
2024-03-13 19:32:09.65,0,0,0
2024-03-13 19:32:09.68,0,0,0
2024-03-13 19:32:09.71,0,0,0
2024-03-13 19:32:09.75,0,0,0
2024-03-13 19:32:09.77,0,0,0
2024-03-13 19:32:09.79,0,0,0
2024-03-13 19:32:09.81,0,0,0
2024-03-13 19:32:09.84,0,0,0
2024-03-13 19:32:09.87,0,0,0
2024-03-13 19:32:09.90,0,0,0
2024-03-13 19:32:09.93,0,0,0
2024-03-13 19:32:09.96,0,0,0
2024-03-13 19:32:09.98,0,0,0
2024-03-13 19:32:09.101,0,0,0
2024-03-13 19:32:09.103,0,0,0
2024-03-13 19:32:09.106,0,0,0
2024-03-13 19:32:09.110,0,0,0
2024-03-13 19:32:09.112,0,0,0
2024-03-13 19:32:09.114,0,0,0
2024-03-13 19:32:09.117,0,0,0
2024-03-13 19:32:09.121,0,0,0
2024-03-13 19:32:09.124,0,0,0
2024-03-13 19:32:09.127,0,0,0
2024-03-13 19:32:09.130,0,0,0
2024-03-13 19:32:09.133,0,0,0
2024-03-13 19:32:09.135,0,0,0
2024-03-13 19:32:09.139,0,0,0
2024-03-13 19:32:09.141,0,0,0
2024-03-13 19:32:09.144,0,0,0
2024-03-13 19:32:09.158,0,0,0
2024-03-13 19:32:09.161,0,0,0
2024-03-13 19:32:09.165,0,0,0
2024-03-13 19:32:09.167,0,0,0
2024-03-13 19:32:09.171,0,0,0
2024-03-13 19:32:09.173,0,0,0
2024-03-13 19:32:09.176,0,0,0
2024-03-13 19:32:09.178,0,0,0
2024-03-13 19:32:09.184,0,0,0
2024-03-13 19:32:09.187,0,0,0
2024-03-13 19:32:09.191,0,0,0
2024-03-13 19:32:09.193,0,0,0
2024-03-13 19:32:09.196,0,0,0
2024-03-13 19:32:09.199,0,0,0
2024-03-13 19:32:09.201,0,0,0
2024-03-13 19:32:09.204,0,0,0
2024-03-13 19:32:09.206,0,0,0
2024-03-13 19:32:09.209,0,0,0
2024-03-13 19:32:09.211,0,0,0
2024-03-13 19:32:09.214,0,0,0
2024-03-13 19:32:09.217,0,0,0
2024-03-13 19:32:09.220,0,0,0
2024-03-13 19:32:09.222,0,0,0
2024-03-13 19:32:09.225,0,0,0
2024-03-13 19:32:09.228,0,0,0
2024-03-13 19:32:09.231,0,0,0
2024-03-13 19:32:09.233,0,0,0
2024-03-13 19:32:09.236,0,0,0
2024-03-13 19:32:09.238,0,0,0
2024-03-13 19:32:09.241,0,0,0
2024-03-13 19:32:09.244,0,0,0
2024-03-13 19:32:09.247,0,0,0
2024-03-13 19:32:09.251,0,0,0
2024-03-13 19:32:09.253,0,0,0
2024-03-13 19:32:09.256,0,0,0
2024-03-13 19:32:09.259,0,0,0
2024-03-13 19:32:09.262,0,0,0
2024-03-13 19:32:09.265,0,0,0
2024-03-13 19:32:09.268,0,0,0
2024-03-13 19:32:09.270,0,0,0
2024-03-13 19:32:09.274,0,0,0
2024-03-13 19:32:09.277,0,0,0
2024-03-13 19:32:09.280,0,0,0
2024-03-13 19:32:09.282,0,0,0
2024-03-13 19:32:09.285,0,0,0
2024-03-13 19:32:09.288,0,0,0
2024-03-13 19:32:09.291,0,0,0
2024-03-13 19:32:09.294,0,0,0
2024-03-13 19:32:09.296,0,0,0
2024-03-13 19:32:09.303,0,0,0
