Participant(Audio Folder): ,Participant02
Video Folder:,_Germany_
Audio Order
01,
02,
03,
04,
05,
06,
07,
08,
09,
10,
11,
12,
13,
14,
15,
16,
17,
18,
19,
20,
Time,Millisecond,VideoClip,AudioClip,Headrotation X,Headrotation Y,Headrotation Z
10:13:30,421,Not play video,Not play audio,-0.1284744,0.05931626,-0.01616768
10:13:30,448,Not play video,Not play audio,-0.128245,0.05905565,-0.01642473
10:13:30,463,Not play video,Not play audio,-0.1281605,0.05902133,-0.01644276
10:13:30,493,Not play video,Not play audio,-0.1282376,0.05838747,-0.01618482
10:13:30,509,Not play video,Not play audio,-0.1284877,0.05800399,-0.01615704
10:13:30,523,Not play video,Not play audio,-0.1284104,0.0578605,-0.01634268
10:13:30,553,Not play video,Not play audio,-0.1286278,0.05763967,-0.01623832
10:13:30,567,Not play video,Not play audio,-0.1289216,0.05749536,-0.01597309
10:13:30,581,Not play video,Not play audio,-0.1291547,0.05756082,-0.01584505
10:13:30,610,Not play video,Not play audio,-0.1293235,0.05791371,-0.01553129
10:13:30,624,Not play video,Not play audio,-0.129351,0.05806946,-0.01537576
10:13:30,652,Not play video,Not play audio,-0.1291147,0.05826607,-0.01495263
10:13:30,666,Not play video,Not play audio,-0.1290894,0.05823623,-0.01483285
10:13:30,680,Not play video,Not play audio,-0.1290058,0.05827602,-0.01476151
10:13:30,708,Not play video,Not play audio,-0.1293475,0.0578591,-0.01474089
10:13:30,722,Not play video,Not play audio,-0.1295794,0.05748428,-0.01477778
10:13:30,750,Not play video,Not play audio,-0.1296391,0.05685456,-0.01525438
10:13:30,764,Not play video,Not play audio,-0.1299111,0.05652177,-0.01547127
10:13:30,792,Not play video,Not play audio,-0.1300627,0.05637305,-0.01576516
10:13:30,805,Not play video,Not play audio,-0.1300004,0.05636337,-0.01578492
10:13:30,834,Not play video,Not play audio,-0.129715,0.05641485,-0.01594021
10:13:30,848,Not play video,Not play audio,-0.1295457,0.05658607,-0.0159008
10:13:30,862,Not play video,Not play audio,-0.1294579,0.0568301,-0.01583252
10:13:30,890,Not play video,Not play audio,-0.129501,0.05721862,-0.01566565
10:13:30,904,Not play video,Not play audio,-0.1295488,0.05741411,-0.01558477
10:13:30,931,Not play video,Not play audio,-0.1298178,0.0576439,-0.01529312
10:13:30,945,Not play video,Not play audio,-0.129956,0.05774977,-0.01514038
10:13:30,973,Not play video,Not play audio,-0.1301891,0.05797561,-0.01494764
10:13:30,987,Not play video,Not play audio,-0.130217,0.05796749,-0.01502456
10:13:31,1,Not play video,Not play audio,-0.1301077,0.05806785,-0.01499501
10:13:31,28,Not play video,Not play audio,-0.1291124,0.05788331,-0.01543086
10:13:31,42,Not play video,Not play audio,-0.1285248,0.05777302,-0.01572828
10:13:31,70,Not play video,Not play audio,-0.1272177,0.05756623,-0.01626235
10:13:31,84,Not play video,Not play audio,-0.1264803,0.05743066,-0.01664913
10:13:31,111,Not play video,Not play audio,-0.1246701,0.05725662,-0.01734234
10:13:31,126,Not play video,Not play audio,-0.1238192,0.05712179,-0.01757394
10:13:31,153,Not play video,Not play audio,-0.1223149,0.05700535,-0.01813166
10:13:31,167,Not play video,Not play audio,-0.1212769,0.05697472,-0.0185291
10:13:31,181,Not play video,Not play audio,-0.1203099,0.0568839,-0.01875177
10:13:31,208,Not play video,Not play audio,-0.1182999,0.05668218,-0.01913937
10:13:31,222,Not play video,Not play audio,-0.1172793,0.0566172,-0.01936925
10:13:31,250,Not play video,Not play audio,-0.1150794,0.05656173,-0.02004343
10:13:31,264,Not play video,Not play audio,-0.1142042,0.05649634,-0.02010652
10:13:31,292,Not play video,Not play audio,-0.1125985,0.05633521,-0.0200767
10:13:31,306,Not play video,Not play audio,-0.1116459,0.05626511,-0.0200074
10:13:31,320,Not play video,Not play audio,-0.1105443,0.05616884,-0.0199574
10:13:31,348,Not play video,Not play audio,-0.1085318,0.05614696,-0.01960579
10:13:31,362,Not play video,Not play audio,-0.1077711,0.05621358,-0.0193455
10:13:31,389,Not play video,Not play audio,-0.1068648,0.05617609,-0.018846
10:13:31,403,Not play video,Not play audio,-0.1065846,0.05609846,-0.01878324
10:13:31,431,Not play video,Not play audio,-0.1062589,0.05572252,-0.01858544
10:13:31,445,Not play video,Not play audio,-0.1064605,0.0554432,-0.01861359
10:13:31,473,Not play video,Not play audio,-0.1068093,0.05497046,-0.01889107
10:13:31,486,Not play video,Not play audio,-0.1068868,0.0547225,-0.01914223
10:13:31,500,Not play video,Not play audio,-0.1070134,0.05458128,-0.01944072
10:13:31,528,Not play video,Not play audio,-0.1070509,0.05430317,-0.01950775
10:13:31,542,Not play video,Not play audio,-0.107026,0.05428602,-0.01930941
10:13:31,570,Not play video,Not play audio,-0.106844,0.05441936,-0.0191923
10:13:31,584,Not play video,Not play audio,-0.1068384,0.05458184,-0.01905262
10:13:31,610,Not play video,Not play audio,-0.1072808,0.0549735,-0.01850463
10:13:31,626,Not play video,Not play audio,-0.1074739,0.0551437,-0.01828504
10:13:31,639,Not play video,Not play audio,-0.1076617,0.05517244,-0.01817733
10:13:31,667,Not play video,Not play audio,-0.1077854,0.05518267,-0.01819851
10:13:31,681,Not play video,Not play audio,-0.1077917,0.05516744,-0.01817398
10:13:31,708,Not play video,Not play audio,-0.1077348,0.05513133,-0.01831336
10:13:31,723,Not play video,Not play audio,-0.1076394,0.05508856,-0.01833897
10:13:31,751,Not play video,Not play audio,-0.1074959,0.05516926,-0.01841067
10:13:31,764,Not play video,Not play audio,-0.1074922,0.05526555,-0.01844559
10:13:31,778,Not play video,Not play audio,-0.1072964,0.05526177,-0.01836973
10:13:31,806,Not play video,Not play audio,-0.107009,0.05531332,-0.01833694
10:13:31,820,Not play video,Not play audio,-0.1068893,0.05529729,-0.01836163
10:13:31,847,Not play video,Not play audio,-0.1068042,0.05520542,-0.01834083
10:13:31,861,Not play video,Not play audio,-0.1068948,0.05514579,-0.01825552
10:13:31,889,Not play video,Not play audio,-0.1070142,0.05507532,-0.01802883
10:13:31,903,Not play video,Not play audio,-0.1071286,0.05494851,-0.01788043
10:13:31,931,Not play video,Not play audio,-0.1074479,0.0545995,-0.01723922
10:13:31,945,Not play video,Not play audio,-0.1080719,0.05440262,-0.01694861
10:13:31,958,Not play video,Not play audio,-0.1085739,0.05424502,-0.01680939
10:13:31,987,Not play video,Not play audio,-0.1089253,0.0540987,-0.01681693
10:13:32,0,Not play video,Not play audio,-0.1087866,0.05395068,-0.01687016
10:13:32,28,Not play video,Not play audio,-0.1087412,0.05373929,-0.01658196
10:13:32,42,Not play video,Not play audio,-0.1088443,0.05368782,-0.01654217
10:13:32,70,Not play video,Not play audio,-0.1088587,0.05373973,-0.01652626
10:13:32,84,Not play video,Not play audio,-0.108909,0.05376488,-0.01644477
10:13:32,112,Not play video,Not play audio,-0.1093198,0.05398052,-0.01571435
10:13:32,126,Not play video,Not play audio,-0.1096062,0.05389006,-0.01540414
10:13:32,154,Not play video,Not play audio,-0.109776,0.05369433,-0.01535145
10:13:32,167,Not play video,Not play audio,-0.1097044,0.05355981,-0.01541285
10:13:32,181,Not play video,Not play audio,-0.1096089,0.05325143,-0.01534514
10:13:32,209,Not play video,Not play audio,-0.109567,0.05283248,-0.01553145
10:13:32,222,Not play video,Not play audio,-0.1095144,0.05272945,-0.01567346
10:13:32,250,Not play video,Not play audio,-0.1090723,0.05269153,-0.01601954
10:13:32,266,Not play video,Not play audio,-0.1088907,0.05273085,-0.01602979
10:13:32,293,Not play video,Not play audio,-0.1087236,0.05267327,-0.01586587
10:13:32,306,Not play video,Not play audio,-0.1085281,0.05270704,-0.01583783
10:13:32,321,Not play video,Not play audio,-0.1083407,0.05268891,-0.0158215
10:13:32,348,Not play video,Not play audio,-0.1081417,0.05262838,-0.01592849
10:13:32,362,Not play video,Not play audio,-0.1081537,0.05239792,-0.01584575
10:13:32,390,Not play video,Not play audio,-0.1083293,0.0522429,-0.01572921
10:13:32,404,Not play video,Not play audio,-0.1083767,0.05220548,-0.01567746
10:13:32,431,Not play video,Not play audio,-0.1085049,0.05215207,-0.01573089
10:13:32,445,Not play video,Not play audio,-0.1085116,0.05217832,-0.01571388
10:13:32,473,Not play video,Not play audio,-0.1076141,0.05227172,-0.01580328
10:13:32,486,Not play video,Not play audio,-0.1068888,0.05234575,-0.01594854
10:13:32,514,Not play video,Not play audio,-0.106078,0.05258172,-0.01606595
10:13:32,528,Not play video,Not play audio,-0.1060061,0.05269149,-0.01590028
10:13:32,542,Not play video,Not play audio,-0.1059872,0.05286502,-0.01599881
10:13:32,570,Not play video,Not play audio,-0.1057892,0.05307511,-0.01596787
10:13:32,584,Not play video,Not play audio,-0.1056328,0.05310408,-0.01594296
10:13:32,611,Not play video,Not play audio,-0.105479,0.05320791,-0.0158832
10:13:32,625,Not play video,Not play audio,-0.1055725,0.05312127,-0.01589939
10:13:32,653,Not play video,Not play audio,-0.1058103,0.05302922,-0.01594634
10:13:32,667,Not play video,Not play audio,-0.1058927,0.05285397,-0.01593497
10:13:32,681,Not play video,Not play audio,-0.1059011,0.05263584,-0.01595265
10:13:32,709,Not play video,Not play audio,-0.1057348,0.05210672,-0.01598675
10:13:32,723,Not play video,Not play audio,-0.1054235,0.05193398,-0.01623144
10:13:32,750,Not play video,Not play audio,-0.1047024,0.05179998,-0.01681014
10:13:32,764,Not play video,Not play audio,-0.1043365,0.05177836,-0.01682463
10:13:32,792,Not play video,Not play audio,-0.1033023,0.05186697,-0.01696262
10:13:32,806,Not play video,Not play audio,-0.102717,0.05195072,-0.01717137
10:13:32,834,Not play video,Not play audio,-0.101301,0.05220141,-0.01715364
10:13:32,848,Not play video,Not play audio,-0.1004538,0.05230347,-0.01720317
10:13:32,861,Not play video,Not play audio,-0.09969901,0.05231272,-0.01723722
10:13:32,891,Not play video,Not play audio,-0.09779458,0.05197474,-0.0175669
10:13:32,904,Not play video,Not play audio,-0.09655238,0.05228847,-0.01787118
10:13:32,931,Not play video,Not play audio,-0.09265193,0.05251865,-0.01836459
10:13:32,945,Not play video,Not play audio,-0.09042306,0.05253797,-0.01861931
10:13:32,973,Not play video,Not play audio,-0.08497135,0.05353994,-0.01955628
10:13:32,987,Not play video,Not play audio,-0.08222993,0.05442896,-0.01962793
10:13:33,0,Not play video,Not play audio,-0.07981478,0.05507556,-0.01970512
10:13:33,28,Not play video,Not play audio,-0.07475074,0.05755814,-0.01915799
10:13:33,42,Not play video,Not play audio,-0.07247605,0.0586228,-0.01865411
10:13:33,70,Not play video,Not play audio,-0.06834786,0.06095317,-0.01808826
10:13:33,83,Not play video,Not play audio,-0.06684695,0.06166099,-0.01782471
10:13:33,111,Not play video,Not play audio,-0.063059,0.06317841,-0.01804098
10:13:33,125,Not play video,Not play audio,-0.06111571,0.06393001,-0.01827208
10:13:33,139,Not play video,Not play audio,-0.05915477,0.06435108,-0.01834573
10:13:33,167,Not play video,Not play audio,-0.05696203,0.06511408,-0.01815617
10:13:33,181,Not play video,Not play audio,-0.0563242,0.06549193,-0.01858401
10:13:33,209,Not play video,Not play audio,-0.05441554,0.06560899,-0.01863687
10:13:33,223,Not play video,Not play audio,-0.05354963,0.06570999,-0.01873709
10:13:33,250,Not play video,Not play audio,-0.05308881,0.06540626,-0.01845805
10:13:33,264,Not play video,Not play audio,-0.05318348,0.06522017,-0.01861742
10:13:33,292,Not play video,Not play audio,-0.05332687,0.0648642,-0.01915965
10:13:33,306,Not play video,Not play audio,-0.0535253,0.06463976,-0.01926512
10:13:33,320,Not play video,Not play audio,-0.0538942,0.06435789,-0.01900564
10:13:33,348,Not play video,Not play audio,-0.05474408,0.06408178,-0.01848146
10:13:33,361,Not play video,Not play audio,-0.05504951,0.06397422,-0.01845596
10:13:33,389,Not play video,Not play audio,-0.05535188,0.06383497,-0.01828794
10:13:33,403,Not play video,Not play audio,-0.05545683,0.06375204,-0.01802601
10:13:33,430,Not play video,Not play audio,-0.05572217,0.06356432,-0.01758257
10:13:33,444,Not play video,Not play audio,-0.05605137,0.06352369,-0.01750301
10:13:33,458,Not play video,Not play audio,-0.05651086,0.0633969,-0.01746354
10:13:33,485,Not play video,Not play audio,-0.05835744,0.0632915,-0.01699061
10:13:33,513,Not play video,Not play audio,-0.0620974,0.06324783,-0.01560141
10:13:33,527,Not play video,Not play audio,-0.06548878,0.06336469,-0.01444121
10:13:33,542,Not play video,Not play audio,-0.07035829,0.06370398,-0.01285134
10:13:33,569,Not play video,Not play audio,-0.08052512,0.06481827,-0.00892267
10:13:33,583,Not play video,Not play audio,-0.08654279,0.06596396,-0.009571758
10:13:33,611,Not play video,Not play audio,-0.09369089,0.06680606,-0.008660424
10:13:33,625,Not play video,Not play audio,-0.09900787,0.06697512,-0.00777156
10:13:33,653,Not play video,Not play audio,-0.1092379,0.06731357,-0.007737746
10:13:33,667,Not play video,Not play audio,-0.1126882,0.06709468,-0.008081134
10:13:33,681,Not play video,Not play audio,-0.1151238,0.06678779,-0.008731104
10:13:33,708,Not play video,Not play audio,-0.1177481,0.06617673,-0.00982462
10:13:33,722,Not play video,Not play audio,-0.117806,0.06577426,-0.01031659
10:13:33,750,Not play video,Not play audio,-0.1167031,0.06543931,-0.0113536
10:13:33,764,Not play video,Not play audio,-0.1153096,0.06560366,-0.01186549
10:13:33,791,Not play video,Not play audio,-0.1118051,0.06610805,-0.01315456
10:13:33,806,Not play video,Not play audio,-0.1098731,0.06652999,-0.01335891
10:13:33,834,Not play video,Not play audio,-0.1069313,0.06764183,-0.0138526
10:13:33,847,Not play video,Not play audio,-0.1058629,0.06793542,-0.01382065
10:13:33,861,Not play video,Not play audio,-0.1050976,0.06812929,-0.01347331
10:13:33,888,Not play video,Not play audio,-0.1065233,0.06817849,-0.01303678
10:13:33,903,Not play video,Not play audio,-0.1076026,0.06814574,-0.01306221
10:13:33,931,Not play video,Not play audio,-0.1047675,0.06797262,-0.01422016
10:13:33,944,Not play video,Not play audio,-0.1032356,0.06792646,-0.01531341
10:13:33,971,Not play video,Not play audio,-0.1002582,0.06666306,-0.01619316
10:13:33,986,Not play video,Not play audio,-0.09926595,0.06603479,-0.01620055
10:13:34,14,Not play video,Not play audio,-0.09833875,0.06510852,-0.0159897
10:13:34,28,Not play video,Not play audio,-0.09843539,0.06485043,-0.01531486
10:13:34,42,Not play video,Not play audio,-0.09856978,0.06455819,-0.01510251
10:13:34,69,Not play video,Not play audio,-0.09844065,0.06367011,-0.01450069
10:13:34,83,Not play video,Not play audio,-0.09813578,0.06311972,-0.01442477
10:13:34,111,Not play video,Not play audio,-0.09833962,0.0621388,-0.01427088
10:13:34,125,Not play video,Not play audio,-0.09846198,0.06182415,-0.01411833
10:13:34,153,Not play video,Not play audio,-0.09783672,0.06125436,-0.01391137
10:13:34,167,Not play video,Not play audio,-0.09744602,0.06100754,-0.01380998
10:13:34,181,Not play video,Not play audio,-0.0972577,0.0608725,-0.0139967
10:13:34,208,Not play video,Not play audio,-0.0966172,0.06088412,-0.01468461
10:13:34,222,Not play video,Not play audio,-0.09622975,0.06100773,-0.01503358
10:13:34,250,Not play video,Not play audio,-0.09525472,0.06112311,-0.01549974
10:13:34,264,Not play video,Not play audio,-0.09464023,0.06118206,-0.01570544
10:13:34,292,Not play video,Not play audio,-0.09349921,0.06119956,-0.01608082
10:13:34,305,Not play video,Not play audio,-0.09305715,0.06127516,-0.01628687
10:13:34,333,Not play video,Not play audio,-0.09287089,0.06146765,-0.01616436
10:13:34,347,Not play video,Not play audio,-0.09298624,0.06129695,-0.01597026
10:13:34,361,Not play video,Not play audio,-0.09308098,0.06134441,-0.01568787
10:13:34,389,Not play video,Not play audio,-0.09297244,0.06108299,-0.01554668
10:13:34,403,Not play video,Not play audio,-0.09320801,0.060668,-0.01541143
10:13:34,430,Not play video,Not play audio,-0.09330259,0.05998151,-0.01542436
10:13:34,582,V01_X_3308_195,01,-0.09340446,0.05908075,-0.01500243
10:13:34,582,V01_X_3308_195,01,-0.09340446,0.05908075,-0.01500243
10:13:34,582,V01_X_3308_195,01,-0.09340446,0.05908075,-0.01500243
10:13:34,582,V01_X_3308_195,01,-0.09340446,0.05908075,-0.01500243
10:13:34,582,V01_X_3308_195,01,-0.09340446,0.05908075,-0.01500243
10:13:34,582,V01_X_3308_195,01,-0.09340446,0.05908075,-0.01500243
10:13:34,582,V01_X_3308_195,01,-0.09340446,0.05908075,-0.01500243
10:13:34,582,V01_X_3308_195,01,-0.09340446,0.05908075,-0.01500243
10:13:34,608,V01_X_3308_195,01,-0.09478721,0.05855741,-0.01415876
10:13:34,636,V01_X_3308_195,01,-0.0955617,0.05852212,-0.01406131
10:13:34,636,V01_X_3308_195,01,-0.0955617,0.05852212,-0.01406131
10:13:34,664,V01_X_3308_195,01,-0.09591577,0.05857944,-0.01403657
10:13:34,678,V01_X_3308_195,01,-0.09606683,0.05865302,-0.01399039
10:13:34,706,V01_X_3308_195,01,-0.09584044,0.05872241,-0.01401142
10:13:34,732,V01_X_3308_195,01,-0.09582495,0.05872714,-0.01399193
10:13:34,746,V01_X_3308_195,01,-0.09574649,0.05873998,-0.01402139
10:13:34,761,V01_X_3308_195,01,-0.09569218,0.05869593,-0.01405673
10:13:34,775,V01_X_3308_195,01,-0.09570067,0.05866376,-0.01416123
10:13:34,801,V01_X_3308_195,01,-0.09553202,0.05861199,-0.01416262
10:13:34,830,V01_X_3308_195,01,-0.09534199,0.05844604,-0.01402031
10:13:34,843,V01_X_3308_195,01,-0.09535316,0.05829945,-0.01397484
10:13:34,871,V01_X_3308_195,01,-0.09531154,0.05795534,-0.01393839
10:13:34,885,V01_X_3308_195,01,-0.09498501,0.05780018,-0.01399438
10:13:34,913,V01_X_3308_195,01,-0.09461604,0.05749678,-0.01424667
10:13:34,926,V01_X_3308_195,01,-0.09461208,0.05739612,-0.01417929
10:13:34,940,V01_X_3308_195,01,-0.09441559,0.0573833,-0.01441452
10:13:34,968,V01_X_3308_195,01,-0.09391634,0.05749918,-0.01472795
10:13:34,982,V01_X_3308_195,01,-0.0937112,0.05748435,-0.01473464
10:13:35,10,V01_X_3308_195,01,-0.09319913,0.05759229,-0.01465913
10:13:35,24,V01_X_3308_195,01,-0.09296606,0.05774803,-0.01470737
10:13:35,52,V01_X_3308_195,01,-0.09234769,0.05788925,-0.0145006
10:13:35,65,V01_X_3308_195,01,-0.09224858,0.0579512,-0.01431494
10:13:35,93,V01_X_3308_195,01,-0.09174566,0.05760954,-0.01408543
10:13:35,107,V01_X_3308_195,01,-0.09136829,0.05741087,-0.01409641
10:13:35,120,V01_X_3308_195,01,-0.0908763,0.05729004,-0.01412989
10:13:35,149,V01_X_3308_195,01,-0.08963478,0.05693295,-0.01409145
10:13:35,163,V01_X_3308_195,01,-0.08907714,0.05672913,-0.01424837
10:13:35,191,V01_X_3308_195,01,-0.08768224,0.05621821,-0.01460547
10:13:35,205,V01_X_3308_195,01,-0.08695506,0.0564053,-0.01518497
10:13:35,232,V01_X_3308_195,01,-0.08555053,0.05620144,-0.01558612
10:13:35,246,V01_X_3308_195,01,-0.08466814,0.05615949,-0.0155738
10:13:35,274,V01_X_3308_195,01,-0.08197413,0.05607839,-0.01586536
10:13:35,288,V01_X_3308_195,01,-0.08053301,0.05606245,-0.01605413
10:13:35,302,V01_X_3308_195,01,-0.07846331,0.05579852,-0.01606208
10:13:35,330,V01_X_3308_195,01,-0.07309797,0.05546877,-0.01681018
10:13:35,344,V01_X_3308_195,01,-0.06896131,0.05535921,-0.01727399
10:13:35,371,V01_X_3308_195,01,-0.05858076,0.05522311,-0.01938666
10:13:35,386,V01_X_3308_195,01,-0.05156075,0.05517707,-0.0201512
10:13:35,413,V01_X_3308_195,01,-0.03624124,0.05609821,-0.02346326
10:13:35,427,V01_X_3308_195,01,-0.02774251,0.05713123,-0.0255321
10:13:35,441,V01_X_3308_195,01,-0.01801492,0.05839681,-0.02763087
10:13:35,469,V01_X_3308_195,01,0.005572883,0.06355941,-0.03191176
10:13:35,483,V01_X_3308_195,01,0.01809505,0.06712137,-0.03330132
10:13:35,511,V01_X_3308_195,01,0.04300172,0.07708341,-0.03333421
10:13:35,525,V01_X_3308_195,01,0.05363223,0.08226027,-0.03200037
10:13:35,552,V01_X_3308_195,01,0.06854858,0.09438908,-0.02963717
10:13:35,566,V01_X_3308_195,01,0.07716836,0.09952093,-0.02952733
10:13:35,580,V01_X_3308_195,01,0.07809158,0.1093657,-0.029017
10:13:35,608,V01_X_3308_195,01,0.08474306,0.1284736,-0.02699088
10:13:35,622,V01_X_3308_195,01,0.08675113,0.1407148,-0.02502763
10:13:35,649,V01_X_3308_195,01,0.08992776,0.1665891,-0.01916897
10:13:35,664,V01_X_3308_195,01,0.09129593,0.181195,-0.0161972
10:13:35,691,V01_X_3308_195,01,0.09297393,0.2141722,-0.01196463
10:13:35,705,V01_X_3308_195,01,0.09391289,0.2305275,-0.009373648
10:13:35,719,V01_X_3308_195,01,0.0949711,0.2474024,-0.006131161
10:13:35,747,V01_X_3308_195,01,0.09583514,0.2831218,-0.0009475229
10:13:35,761,V01_X_3308_195,01,0.09644201,0.300119,0.002068092
10:13:35,789,V01_X_3308_195,01,0.09702149,0.3319999,0.006706651
10:13:35,803,V01_X_3308_195,01,0.09778027,0.3458442,0.008504339
10:13:35,830,V01_X_3308_195,01,0.0960783,0.3724065,0.008819161
10:13:35,844,V01_X_3308_195,01,0.09500355,0.3860891,0.008857997
10:13:35,858,V01_X_3308_195,01,0.09292227,0.398518,0.009414121
10:13:35,886,V01_X_3308_195,01,0.09091955,0.4222291,0.0130113
10:13:35,900,V01_X_3308_195,01,0.08988394,0.434092,0.01341243
10:13:35,928,V01_X_3308_195,01,0.08792596,0.4589329,0.01184059
10:13:35,942,V01_X_3308_195,01,0.0873943,0.4713008,0.0115701
10:13:35,969,V01_X_3308_195,01,0.08797011,0.4957627,0.01237879
10:13:35,983,V01_X_3308_195,01,0.08811623,0.5077401,0.01276141
10:13:36,11,V01_X_3308_195,01,0.08822963,0.5310172,0.01173314
10:13:36,25,V01_X_3308_195,01,0.0886253,0.5410259,0.01256345
10:13:36,38,V01_X_3308_195,01,0.08935492,0.5509183,0.01237509
10:13:36,66,V01_X_3308_195,01,0.09073426,0.5663864,0.01175234
10:13:36,80,V01_X_3308_195,01,0.09008443,0.573544,0.01096505
10:13:36,109,V01_X_3308_195,01,0.08922088,0.5860016,0.009112393
10:13:36,122,V01_X_3308_195,01,0.08849335,0.5910765,0.008275253
10:13:36,150,V01_X_3308_195,01,0.08715612,0.6003634,0.004986875
10:13:36,164,V01_X_3308_195,01,0.08556437,0.6048948,0.002974391
10:13:36,178,V01_X_3308_195,01,0.08364236,0.6097636,0.001177606
10:13:36,205,V01_X_3308_195,01,0.08175883,0.6186062,-0.001938171
10:13:36,234,V01_X_3308_195,01,0.07979148,0.626959,-0.004846235
10:13:36,247,V01_X_3308_195,01,0.07808353,0.6311339,-0.005736021
10:13:36,260,V01_X_3308_195,01,0.07703359,0.6349743,-0.006495776
10:13:36,288,V01_X_3308_195,01,0.07387225,0.6424338,-0.005633758
10:13:36,303,V01_X_3308_195,01,0.07176317,0.6451035,-0.004381347
10:13:36,317,V01_X_3308_195,01,0.06966691,0.6476839,-0.003956415
10:13:36,345,V01_X_3308_195,01,0.06687233,0.6514733,-0.004325438
10:13:36,372,V01_X_3308_195,01,0.06333996,0.6537437,-0.004219034
10:13:36,386,V01_X_3308_195,01,0.0605486,0.6544874,-0.004431085
10:13:36,400,V01_X_3308_195,01,0.05904165,0.6549172,-0.004663582
10:13:36,428,V01_X_3308_195,01,0.05566642,0.6554045,-0.006085928
10:13:36,442,V01_X_3308_195,01,0.05410106,0.655831,-0.006505463
10:13:36,455,V01_X_3308_195,01,0.05383717,0.6552125,-0.007659523
10:13:36,484,V01_X_3308_195,01,0.05211983,0.6553178,-0.009954335
10:13:36,512,V01_X_3308_195,01,0.05261589,0.6541873,-0.01222591
10:13:36,526,V01_X_3308_195,01,0.05237072,0.6535647,-0.01290584
10:13:36,553,V01_X_3308_195,01,0.05154328,0.6524683,-0.01387522
10:13:36,567,V01_X_3308_195,01,0.05105784,0.6522453,-0.01428929
10:13:36,581,V01_X_3308_195,01,0.05043108,0.6525875,-0.01403067
10:13:36,609,V01_X_3308_195,01,0.05037741,0.6519834,-0.01356713
10:13:36,622,V01_X_3308_195,01,0.05119857,0.6515754,-0.01344795
10:13:36,651,V01_X_3308_195,01,0.05001161,0.6517133,-0.01513137
10:13:36,664,V01_X_3308_195,01,0.04943439,0.651918,-0.01513105
10:13:36,692,V01_X_3308_195,01,0.04964739,0.6523036,-0.01511087
10:13:36,706,V01_X_3308_195,01,0.0498898,0.6523577,-0.01542728
10:13:36,734,V01_X_3308_195,01,0.04997633,0.6529024,-0.01641983
10:13:36,748,V01_X_3308_195,01,0.05007456,0.653226,-0.01678398
10:13:36,761,V01_X_3308_195,01,0.04997355,0.6536999,-0.01698584
10:13:36,790,V01_X_3308_195,01,0.0496559,0.6545298,-0.01783733
10:13:36,803,V01_X_3308_195,01,0.04973979,0.6545846,-0.017745
10:13:36,831,V01_X_3308_195,01,0.04955254,0.6543221,-0.01760856
10:13:36,845,V01_X_3308_195,01,0.0491888,0.6541598,-0.01776538
10:13:36,873,V01_X_3308_195,01,0.04794841,0.6532391,-0.01787239
10:13:36,886,V01_X_3308_195,01,0.04726864,0.6524597,-0.01796143
10:13:36,900,V01_X_3308_195,01,0.04687735,0.6514795,-0.01789852
10:13:36,928,V01_X_3308_195,01,0.04517515,0.6499061,-0.01855269
10:13:36,942,V01_X_3308_195,01,0.0442675,0.6492093,-0.01875622
10:13:36,970,V01_X_3308_195,01,0.04339024,0.6475101,-0.01893228
10:13:36,984,V01_X_3308_195,01,0.04291789,0.6466513,-0.01898761
10:13:37,11,V01_X_3308_195,01,0.04164778,0.6456916,-0.01962051
10:13:37,25,V01_X_3308_195,01,0.0410771,0.645193,-0.01932408
10:13:37,53,V01_X_3308_195,01,0.04058703,0.6441312,-0.01855329
10:13:37,67,V01_X_3308_195,01,0.0400936,0.6436231,-0.01849679
10:13:37,81,V01_X_3308_195,01,0.03939922,0.6431845,-0.01859847
10:13:37,109,V01_X_3308_195,01,0.03773896,0.6427625,-0.01798622
10:13:37,123,V01_X_3308_195,01,0.03728651,0.6422819,-0.01748456
10:13:37,150,V01_X_3308_195,01,0.03621824,0.6414282,-0.0176312
10:13:37,165,V01_X_3308_195,01,0.03567732,0.640943,-0.01768536
10:13:37,193,V01_X_3308_195,01,0.03404794,0.6402211,-0.01748102
10:13:37,206,V01_X_3308_195,01,0.03340977,0.6400158,-0.01737404
10:13:37,219,V01_X_3308_195,01,0.03296039,0.639703,-0.01735444
10:13:37,247,V01_X_3308_195,01,0.03258932,0.6387061,-0.01703683
10:13:37,262,V01_X_3308_195,01,0.03190668,0.6382614,-0.0169796
10:13:37,289,V01_X_3308_195,01,0.03044226,0.6376343,-0.0176235
10:13:37,304,V01_X_3308_195,01,0.02976618,0.6373832,-0.01775142
10:13:37,332,V01_X_3308_195,01,0.02901714,0.6365456,-0.01769672
10:13:37,345,V01_X_3308_195,01,0.02858283,0.6361027,-0.0178243
10:13:37,359,V01_X_3308_195,01,0.02785664,0.6357685,-0.01824584
10:13:37,387,V01_X_3308_195,01,0.02674031,0.6352619,-0.01838539
10:13:37,401,V01_X_3308_195,01,0.0265063,0.6348798,-0.01827294
10:13:37,429,V01_X_3308_195,01,0.02600619,0.6339734,-0.018584
10:13:37,442,V01_X_3308_195,01,0.02552752,0.6333352,-0.01852542
10:13:37,470,V01_X_3308_195,01,0.02403731,0.6326782,-0.01861062
10:13:37,485,V01_X_3308_195,01,0.02356523,0.6323953,-0.01847155
10:13:37,498,V01_X_3308_195,01,0.0234599,0.6318803,-0.01806832
10:13:37,526,V01_X_3308_195,01,0.02243392,0.6303464,-0.01778759
10:13:37,540,V01_X_3308_195,01,0.02157618,0.6293472,-0.01803885
10:13:37,568,V01_X_3308_195,01,0.01971122,0.6274033,-0.01813949
10:13:37,582,V01_X_3308_195,01,0.01904353,0.626175,-0.01810203
10:13:37,609,V01_X_3308_195,01,0.01724885,0.6236097,-0.01806032
10:13:37,624,V01_X_3308_195,01,0.0163029,0.6219706,-0.01838894
10:13:37,651,V01_X_3308_195,01,0.01487378,0.6185934,-0.01912837
10:13:37,665,V01_X_3308_195,01,0.01423379,0.6165085,-0.01934477
10:13:37,679,V01_X_3308_195,01,0.01329525,0.6142318,-0.01951262
10:13:37,706,V01_X_3308_195,01,0.01099025,0.609713,-0.02052718
10:13:37,721,V01_X_3308_195,01,0.009733453,0.6076189,-0.02062713
10:13:37,748,V01_X_3308_195,01,0.008535381,0.602547,-0.02110586
10:13:37,762,V01_X_3308_195,01,0.007918776,0.5996066,-0.02133983
10:13:37,790,V01_X_3308_195,01,0.005733815,0.5912919,-0.02228065
10:13:37,804,V01_X_3308_195,01,0.004308866,0.586288,-0.02208962
10:13:37,831,V01_X_3308_195,01,0.002462924,0.5748392,-0.02321973
10:13:37,845,V01_X_3308_195,01,0.0008858188,0.5680386,-0.02381952
10:13:37,873,V01_X_3308_195,01,-0.00278673,0.5519102,-0.02568068
10:13:37,887,V01_X_3308_195,01,-0.004482656,0.5436181,-0.02781152
10:13:37,901,V01_X_3308_195,01,-0.006752845,0.5347916,-0.02875001
10:13:37,929,V01_X_3308_195,01,-0.01264878,0.5149841,-0.03223092
10:13:37,943,V01_X_3308_195,01,-0.01558553,0.5043867,-0.03385643
10:13:37,971,V01_X_3308_195,01,-0.02040307,0.4805046,-0.03683692
10:13:37,984,V01_X_3308_195,01,-0.02303355,0.468098,-0.03868247
10:13:38,13,V01_X_3308_195,01,-0.02906935,0.4407045,-0.04136264
10:13:38,26,V01_X_3308_195,01,-0.03104508,0.4258595,-0.04225503
10:13:38,40,V01_X_3308_195,01,-0.03382516,0.4096481,-0.0426801
10:13:38,68,V01_X_3308_195,01,-0.04029694,0.3757167,-0.04462124
10:13:38,82,V01_X_3308_195,01,-0.04299377,0.3579057,-0.04610394
10:13:38,110,V01_X_3308_195,01,-0.04855706,0.3202565,-0.04838248
10:13:38,124,V01_X_3308_195,01,-0.05121198,0.3013313,-0.04904843
10:13:38,152,V01_X_3308_195,01,-0.05368422,0.2610714,-0.05062824
10:13:38,165,V01_X_3308_195,01,-0.05393717,0.2409866,-0.05184642
10:13:38,193,V01_X_3308_195,01,-0.05324017,0.201796,-0.05367438
10:13:38,207,V01_X_3308_195,01,-0.05185188,0.1824467,-0.05435829
10:13:38,220,V01_X_3308_195,01,-0.04845927,0.1641539,-0.05468275
10:13:38,249,V01_X_3308_195,01,-0.04164476,0.129056,-0.05635729
10:13:38,262,V01_X_3308_195,01,-0.03832799,0.1116959,-0.05717983
10:13:38,290,V01_X_3308_195,01,-0.02988296,0.08222672,-0.05876248
10:13:38,304,V01_X_3308_195,01,-0.02544222,0.06797466,-0.05921516
10:13:38,332,V01_X_3308_195,01,-0.01784356,0.04425029,-0.05839618
10:13:38,346,V01_X_3308_195,01,-0.01469139,0.03261715,-0.05786722
10:13:38,374,V01_X_3308_195,01,-0.009412893,0.01619156,-0.05516206
10:13:38,388,V01_X_3308_195,01,-0.007965405,0.01008392,-0.05311018
10:13:38,401,V01_X_3308_195,01,-0.005571219,0.003317858,-0.05117708
10:13:38,429,V01_X_3308_195,01,-0.00138589,-0.005624424,-0.04573305
10:13:38,443,V01_X_3308_195,01,0.001848545,-0.01170954,-0.04351088
10:13:38,471,V01_X_3308_195,01,0.0032559,-0.01322276,-0.03633049
10:13:38,484,V01_X_3308_195,01,0.00518469,-0.01615012,-0.03341439
10:13:38,513,V01_X_3308_195,01,0.006947693,-0.01944459,-0.02798125
10:13:38,527,V01_X_3308_195,01,0.00811829,-0.02067004,-0.02620909
10:13:38,539,V01_X_3308_195,01,0.008231265,-0.02174077,-0.02474491
10:13:38,568,V01_X_3308_195,01,0.009221093,-0.02393347,-0.02192443
10:13:38,582,V01_X_3308_195,01,0.009392063,-0.02475579,-0.02089179
10:13:38,610,V01_X_3308_195,01,0.007568974,-0.02621865,-0.01877495
10:13:38,624,V01_X_3308_195,01,0.006098932,-0.02702006,-0.01795979
10:13:38,651,V01_X_3308_195,01,-0.001270642,-0.02778306,-0.0173165
10:13:38,665,V01_X_3308_195,01,-0.006060932,-0.0279198,-0.01735386
10:13:38,693,V01_X_3308_195,01,-0.01563145,-0.02756316,-0.01715322
10:13:38,707,V01_X_3308_195,01,-0.02169273,-0.02651883,-0.01722972
10:13:38,721,V01_X_3308_195,01,-0.03005403,-0.02538207,-0.01762999
10:13:38,749,V01_X_3308_195,01,-0.04160451,-0.02431063,-0.01884257
10:13:38,762,V01_X_3308_195,01,-0.04721302,-0.02324207,-0.02050062
10:13:38,790,V01_X_3308_195,01,-0.05775779,-0.02107511,-0.02320039
10:13:38,804,V01_X_3308_195,01,-0.06379295,-0.02002213,-0.02403642
10:13:38,832,V01_X_3308_195,01,-0.07642288,-0.01644328,-0.02663562
10:13:38,846,V01_X_3308_195,01,-0.08300492,-0.01459705,-0.02684842
10:13:38,860,V01_X_3308_195,01,-0.09069103,-0.01296766,-0.02627907
10:13:38,888,V01_X_3308_195,01,-0.108545,-0.006765518,-0.0268758
10:13:38,901,V01_X_3308_195,01,-0.1164996,-0.00237797,-0.02811073
10:13:38,929,V01_X_3308_195,01,-0.1205431,0.003947803,-0.03380826
10:13:38,943,V01_X_3308_195,01,-0.1196507,0.005578006,-0.03387616
10:13:38,971,V01_X_3308_195,01,-0.1205436,0.00879561,-0.03019732
10:13:38,985,V01_X_3308_195,01,-0.120714,0.01074484,-0.0302295
10:13:38,999,V01_X_3308_195,01,-0.1196262,0.01250548,-0.03035286
10:13:39,25,V01_X_3308_195,01,-0.1213675,0.01598588,-0.02871226
10:13:39,40,V01_X_3308_195,01,-0.1219281,0.01772316,-0.02771903
10:13:39,68,V01_X_3308_195,01,-0.1222406,0.02007773,-0.02669939
10:13:39,82,V01_X_3308_195,01,-0.1225055,0.02069951,-0.02600283
10:13:39,110,V01_X_3308_195,01,-0.1216393,0.02195553,-0.02471929
10:13:39,124,V01_X_3308_195,01,-0.1207516,0.02254911,-0.02424739
10:13:39,152,V01_X_3308_195,01,-0.1182134,0.02321932,-0.02406376
10:13:39,166,V01_X_3308_195,01,-0.1167218,0.02356602,-0.02405909
10:13:39,179,V01_X_3308_195,01,-0.1154993,0.02380524,-0.02396346
10:13:39,206,V01_X_3308_195,01,-0.1123904,0.02457628,-0.02388053
10:13:39,221,V01_X_3308_195,01,-0.110654,0.02514302,-0.02382454
10:13:39,248,V01_X_3308_195,01,-0.1069084,0.02641842,-0.02307349
10:13:39,263,V01_X_3308_195,01,-0.1051825,0.02709723,-0.0224888
10:13:39,291,V01_X_3308_195,01,-0.1025335,0.02875967,-0.02129719
10:13:39,304,V01_X_3308_195,01,-0.101871,0.03011482,-0.02065363
10:13:39,319,V01_X_3308_195,01,-0.1014602,0.03141661,-0.02009887
10:13:39,346,V01_X_3308_195,01,-0.1015381,0.03383087,-0.0185384
10:13:39,374,V01_X_3308_195,01,-0.1015353,0.03643503,-0.01796109
10:13:39,388,V01_X_3308_195,01,-0.1013118,0.03801745,-0.01827606
10:13:39,401,V01_X_3308_195,01,-0.1010577,0.03938589,-0.01818193
10:13:39,430,V01_X_3308_195,01,-0.09982733,0.04267291,-0.01847167
10:13:39,444,V01_X_3308_195,01,-0.09887296,0.04420362,-0.01854093
10:13:39,471,V01_X_3308_195,01,-0.09709825,0.04702981,-0.01883981
10:13:39,485,V01_X_3308_195,01,-0.0958581,0.04835213,-0.01928866
10:13:39,513,V01_X_3308_195,01,-0.09366755,0.05123967,-0.01986472
10:13:39,527,V01_X_3308_195,01,-0.09196608,0.05274257,-0.02000894
10:13:39,541,V01_X_3308_195,01,-0.09049834,0.05420391,-0.0202031
10:13:39,568,V01_X_3308_195,01,-0.08616424,0.05765922,-0.021564
10:13:39,582,V01_X_3308_195,01,-0.08326441,0.06005699,-0.02206759
10:13:39,610,V01_X_3308_195,01,-0.07707348,0.06486981,-0.02344862
10:13:39,624,V01_X_3308_195,01,-0.07392903,0.06749775,-0.02409076
10:13:39,652,V01_X_3308_195,01,-0.06393319,0.07741339,-0.02552755
10:13:39,665,V01_X_3308_195,01,-0.0567861,0.08512663,-0.02554886
10:13:39,694,V01_X_3308_195,01,-0.03730602,0.1044549,-0.02045098
10:13:39,707,V01_X_3308_195,01,-0.02867765,0.1125333,-0.01795489
10:13:39,721,V01_X_3308_195,01,-0.01897467,0.12124,-0.01495322
10:13:39,749,V01_X_3308_195,01,0.00361384,0.1443398,-0.01633255
10:13:39,763,V01_X_3308_195,01,0.01394692,0.1554403,-0.01653466
10:13:39,791,V01_X_3308_195,01,0.03422775,0.1851556,-0.01116274
10:13:39,805,V01_X_3308_195,01,0.04250303,0.1986475,-0.003371485
10:13:39,832,V01_X_3308_195,01,0.05557729,0.223843,0.006173506
10:13:39,846,V01_X_3308_195,01,0.06115256,0.2356751,0.009752064
10:13:39,874,V01_X_3308_195,01,0.06060325,0.260532,0.006971766
10:13:39,888,V01_X_3308_195,01,0.06366842,0.2728969,0.008323959
10:13:39,901,V01_X_3308_195,01,0.06613149,0.2850735,0.01038633
10:13:39,929,V01_X_3308_195,01,0.07006351,0.3085412,0.01618947
10:13:39,943,V01_X_3308_195,01,0.07108383,0.3210109,0.01707358
10:13:39,971,V01_X_3308_195,01,0.073887,0.3469224,0.0190006
10:13:39,985,V01_X_3308_195,01,0.07529864,0.3598882,0.02009075
10:13:40,13,V01_X_3308_195,01,0.07743151,0.3907837,0.01908705
10:13:40,27,V01_X_3308_195,01,0.07842408,0.4052954,0.01946958
10:13:40,40,V01_X_3308_195,01,0.08050413,0.4222821,0.01920224
10:13:40,69,V01_X_3308_195,01,0.08470031,0.4538068,0.01708596
10:13:40,82,V01_X_3308_195,01,0.08679636,0.4699683,0.01520704
10:13:40,109,V01_X_3308_195,01,0.09290989,0.5005433,0.01249316
10:13:40,124,V01_X_3308_195,01,0.09578593,0.5155829,0.0107092
10:13:40,152,V01_X_3308_195,01,0.1013971,0.5466746,0.005140441
10:13:40,165,V01_X_3308_195,01,0.104916,0.5609374,0.003313584
10:13:40,193,V01_X_3308_195,01,0.1108337,0.5884951,-0.0007911641
10:13:40,207,V01_X_3308_195,01,0.1144695,0.600914,-0.00510479
10:13:40,221,V01_X_3308_195,01,0.1171958,0.6136358,-0.008117522
10:13:40,248,V01_X_3308_195,01,0.1235606,0.6364338,-0.01502373
10:13:40,263,V01_X_3308_195,01,0.1275778,0.6477318,-0.01796537
10:13:40,290,V01_X_3308_195,01,0.1339968,0.6620339,-0.02286064
10:13:40,304,V01_X_3308_195,01,0.1365052,0.6696818,-0.02527877
10:13:40,332,V01_X_3308_195,01,0.1376429,0.6761059,-0.03061593
10:13:40,345,V01_X_3308_195,01,0.1379251,0.678176,-0.03320668
10:13:40,360,V01_X_3308_195,01,0.1381343,0.6787159,-0.0359874
10:13:40,386,V01_X_3308_195,01,0.1382278,0.679489,-0.04233086
10:13:40,401,V01_X_3308_195,01,0.1383155,0.6797754,-0.04536218
10:13:40,429,V01_X_3308_195,01,0.1357435,0.678266,-0.05002044
10:13:40,442,V01_X_3308_195,01,0.1343754,0.6758274,-0.05269823
10:13:40,470,V01_X_3308_195,01,0.1340439,0.6738116,-0.05703284
10:13:40,484,V01_X_3308_195,01,0.1340322,0.6726804,-0.05948766
10:13:40,512,V01_X_3308_195,01,0.1340917,0.6713276,-0.06366646
10:13:40,526,V01_X_3308_195,01,0.1336512,0.6711662,-0.06553269
10:13:40,539,V01_X_3308_195,01,0.1334073,0.672097,-0.06626203
10:13:40,568,V01_X_3308_195,01,0.1342823,0.6736954,-0.0683693
10:13:40,581,V01_X_3308_195,01,0.1358347,0.6753956,-0.06931647
10:13:40,609,V01_X_3308_195,01,0.139778,0.6788533,-0.07388305
10:13:40,623,V01_X_3308_195,01,0.1441055,0.6806089,-0.07728989
10:13:40,651,V01_X_3308_195,01,0.1518226,0.6841311,-0.08436843
10:13:40,665,V01_X_3308_195,01,0.1596973,0.6863564,-0.09053032
10:13:40,679,V01_X_3308_195,01,0.1715631,0.6877852,-0.09851705
10:13:40,706,V01_X_3308_195,01,0.1913114,0.6903331,-0.1141816
10:13:40,720,V01_X_3308_195,01,0.19864,0.6915286,-0.1200433
10:13:40,748,V01_X_3308_195,01,0.2182367,0.6917977,-0.1400943
10:13:40,762,V01_X_3308_195,01,0.2255158,0.6918655,-0.1463278
10:13:40,790,V01_X_3308_195,01,0.2395021,0.6911905,-0.1566665
10:13:40,803,V01_X_3308_195,01,0.2446214,0.690582,-0.1596989
10:13:40,831,V01_X_3308_195,01,0.254082,0.6890451,-0.1649082
10:13:40,845,V01_X_3308_195,01,0.2563092,0.6876413,-0.1667473
10:13:40,873,V01_X_3308_195,01,0.2582198,0.685613,-0.1720552
10:13:40,887,V01_X_3308_195,01,0.2585036,0.683656,-0.1740881
10:13:40,901,V01_X_3308_195,01,0.259629,0.6805673,-0.1757705
10:13:40,928,V01_X_3308_195,01,0.2607712,0.6735965,-0.1794199
10:13:40,943,V01_X_3308_195,01,0.2577379,0.6693775,-0.1826569
10:13:40,970,V01_X_3308_195,01,0.2518906,0.6626489,-0.1877114
10:13:40,984,V01_X_3308_195,01,0.2490229,0.6583999,-0.1895353
10:13:41,12,V01_X_3308_195,01,0.2433091,0.6489325,-0.1917307
10:13:41,26,V01_X_3308_195,01,0.2406606,0.6429158,-0.1925047
10:13:41,40,V01_X_3308_195,01,0.236255,0.6359234,-0.190102
10:13:41,67,V01_X_3308_195,01,0.2245014,0.6219368,-0.1869633
10:13:41,81,V01_X_3308_195,01,0.2160592,0.6140386,-0.1848451
10:13:41,111,V01_X_3308_195,01,0.1974576,0.5968519,-0.1796985
10:13:41,124,V01_X_3308_195,01,0.1891675,0.5876446,-0.1779176
10:13:41,152,V01_X_3308_195,01,0.1660771,0.5632269,-0.1642336
10:13:41,165,V01_X_3308_195,01,0.1533346,0.550567,-0.1576969
10:13:41,193,V01_X_3308_195,01,0.1273454,0.5247561,-0.1469033
10:13:41,206,V01_X_3308_195,01,0.1111132,0.5093473,-0.1445068
10:13:41,220,V01_X_3308_195,01,0.09568584,0.4933746,-0.1444727
10:13:41,248,V01_X_3308_195,01,0.06651331,0.4585141,-0.1443723
10:13:41,262,V01_X_3308_195,01,0.05283392,0.4400986,-0.1435369
10:13:41,289,V01_X_3308_195,01,0.02933352,0.3997247,-0.1452702
10:13:41,303,V01_X_3308_195,01,0.01795411,0.3795169,-0.1457617
10:13:41,331,V01_X_3308_195,01,-0.003208375,0.3369605,-0.142935
10:13:41,345,V01_X_3308_195,01,-0.01500937,0.3166001,-0.1414188
10:13:41,373,V01_X_3308_195,01,-0.03434214,0.2759602,-0.1398641
10:13:41,387,V01_X_3308_195,01,-0.04320868,0.2574241,-0.1390461
10:13:41,400,V01_X_3308_195,01,-0.05210563,0.2392828,-0.1381792
10:13:41,428,V01_X_3308_195,01,-0.06643574,0.2076901,-0.135902
10:13:41,442,V01_X_3308_195,01,-0.07203482,0.1933506,-0.1338053
10:13:41,470,V01_X_3308_195,01,-0.08235373,0.1665144,-0.1305599
10:13:41,483,V01_X_3308_195,01,-0.08687241,0.1553747,-0.1293538
10:13:41,511,V01_X_3308_195,01,-0.09428108,0.1357308,-0.1233265
10:13:41,525,V01_X_3308_195,01,-0.09685459,0.1272695,-0.1191903
10:13:41,552,V01_X_3308_195,01,-0.1016606,0.1129585,-0.1141723
10:13:41,567,V01_X_3308_195,01,-0.1032594,0.1058965,-0.1109672
10:13:41,581,V01_X_3308_195,01,-0.1048676,0.100667,-0.1064359
10:13:41,608,V01_X_3308_195,01,-0.1078628,0.08981043,-0.09816372
10:13:41,622,V01_X_3308_195,01,-0.1090374,0.08377688,-0.09421642
10:13:41,650,V01_X_3308_195,01,-0.1091259,0.07178337,-0.08752403
10:13:41,663,V01_X_3308_195,01,-0.1089649,0.06674471,-0.08627638
10:13:41,691,V01_X_3308_195,01,-0.1075734,0.05975285,-0.08425808
10:13:41,705,V01_X_3308_195,01,-0.1067457,0.05646364,-0.08165468
10:13:41,719,V01_X_3308_195,01,-0.1060425,0.0539141,-0.07975637
10:13:41,747,V01_X_3308_195,01,-0.1038255,0.04969274,-0.07671221
10:13:41,760,V01_X_3308_195,01,-0.1025648,0.04760014,-0.07459338
10:13:41,789,V01_X_3308_195,01,-0.1021521,0.04335772,-0.06915011
10:13:41,802,V01_X_3308_195,01,-0.1017776,0.04160381,-0.06720175
10:13:41,830,V01_X_3308_195,01,-0.1004071,0.03909089,-0.0639232
10:13:41,844,V01_X_3308_195,01,-0.1001883,0.03739849,-0.0618805
10:13:41,871,V01_X_3308_195,01,-0.09953696,0.03413008,-0.05850289
10:13:41,886,V01_X_3308_195,01,-0.09949397,0.03243864,-0.05716867
10:13:41,900,V01_X_3308_195,01,-0.0994744,0.03074486,-0.05586017
10:13:41,927,V01_X_3308_195,01,-0.0991343,0.02691466,-0.05457081
10:13:41,941,V01_X_3308_195,01,-0.09874517,0.02508166,-0.05437286
10:13:41,969,V01_X_3308_195,01,-0.09676778,0.02164363,-0.0533279
10:13:41,983,V01_X_3308_195,01,-0.09594804,0.01982432,-0.05240634
10:13:42,11,V01_X_3308_195,01,-0.0943304,0.01621531,-0.05063924
10:13:42,25,V01_X_3308_195,01,-0.09340764,0.01470179,-0.0498099
10:13:42,52,V01_X_3308_195,01,-0.09147587,0.01246199,-0.04859709
10:13:42,66,V01_X_3308_195,01,-0.09069786,0.01147661,-0.048041
10:13:42,94,V01_X_3308_195,01,-0.08914706,0.01024228,-0.04649428
10:13:42,108,V01_X_3308_195,01,-0.08835138,0.009661445,-0.04541177
10:13:42,122,V01_X_3308_195,01,-0.08748653,0.00918017,-0.0444869
10:13:42,150,V01_X_3308_195,01,-0.08716325,0.0088863,-0.04298438
10:13:42,164,V01_X_3308_195,01,-0.0868692,0.008568712,-0.0422354
10:13:42,191,V01_X_3308_195,01,-0.08661939,0.009705638,-0.04130789
10:13:42,204,V01_X_3308_195,01,-0.08651744,0.009956945,-0.04056138
10:13:42,233,V01_X_3308_195,01,-0.08745028,0.01164742,-0.03920147
10:13:42,246,V01_X_3308_195,01,-0.08902517,0.01286563,-0.03848434
10:13:42,260,V01_X_3308_195,01,-0.09029367,0.01451722,-0.03771701
10:13:42,289,V01_X_3308_195,01,-0.0964539,0.0186244,-0.03350136
10:13:42,303,V01_X_3308_195,01,-0.09921984,0.02048977,-0.03117311
10:13:42,330,V01_X_3308_195,01,-0.1038072,0.02614855,-0.02713968
10:13:42,344,V01_X_3308_195,01,-0.1057638,0.02905205,-0.02504212
10:13:42,372,V01_X_3308_195,01,-0.1103559,0.03407287,-0.02034505
10:13:42,386,V01_X_3308_195,01,-0.1123007,0.03694933,-0.01847767
10:13:42,413,V01_X_3308_195,01,-0.1173437,0.04119313,-0.01468196
10:13:42,427,V01_X_3308_195,01,-0.1186046,0.04282738,-0.01339463
10:13:42,442,V01_X_3308_195,01,-0.1202625,0.04486107,-0.01170829
10:13:42,469,V01_X_3308_195,01,-0.1236723,0.04727291,-0.008785478
10:13:42,483,V01_X_3308_195,01,-0.1247472,0.04765661,-0.008271849
10:13:42,510,V01_X_3308_195,01,-0.1268641,0.04857885,-0.007477913
10:13:42,525,V01_X_3308_195,01,-0.1277717,0.04841258,-0.007231837
10:13:42,552,V01_X_3308_195,01,-0.1287936,0.04852656,-0.007239605
10:13:42,566,V01_X_3308_195,01,-0.1290549,0.04842254,-0.007324593
10:13:42,580,V01_X_3308_195,01,-0.1283258,0.04808403,-0.007989204
10:13:42,608,V01_X_3308_195,01,-0.1276549,0.04779833,-0.008509056
10:13:42,622,V01_X_3308_195,01,-0.1276643,0.04779713,-0.008412425
10:13:42,650,V01_X_3308_195,01,-0.1266638,0.04715784,-0.008271915
10:13:42,663,V01_X_3308_195,01,-0.1263146,0.0470303,-0.008301524
10:13:42,691,V01_X_3308_195,01,-0.125775,0.0461562,-0.00757907
10:13:42,705,V01_X_3308_195,01,-0.1262055,0.04577308,-0.007421202
10:13:42,732,V01_X_3308_195,01,-0.126343,0.0450775,-0.007218101
10:13:42,745,V01_X_3308_195,01,-0.126946,0.04495968,-0.007169192
10:13:42,761,V01_X_3308_195,01,-0.1275062,0.04485212,-0.006933453
10:13:42,788,V01_X_3308_195,01,-0.1286566,0.04452184,-0.005852683
10:13:42,802,V01_X_3308_195,01,-0.129131,0.04431337,-0.00555499
10:13:42,830,V01_X_3308_195,01,-0.1299961,0.04409723,-0.004899895
10:13:42,844,V01_X_3308_195,01,-0.13075,0.0438877,-0.004452949
10:13:42,872,V01_X_3308_195,01,-0.1326489,0.04335228,-0.004080606
10:13:42,885,V01_X_3308_195,01,-0.1337286,0.04291654,-0.003733769
10:13:42,899,V01_X_3308_195,01,-0.1345753,0.04269721,-0.003536394
10:13:42,927,V01_X_3308_195,01,-0.1363092,0.04160466,-0.003981519
10:13:42,941,V01_X_3308_195,01,-0.137274,0.04092646,-0.003943699
10:13:42,969,V01_X_3308_195,01,-0.1395961,0.03940828,-0.003898613
10:13:42,983,V01_X_3308_195,01,-0.1409312,0.03857698,-0.003747585
10:13:43,10,V01_X_3308_195,01,-0.1446176,0.03673794,-0.003998266
10:13:43,24,V01_X_3308_195,01,-0.1457768,0.03615189,-0.004702791
10:13:43,52,V01_X_3308_195,01,-0.1479239,0.03511231,-0.00590352
10:13:43,66,V01_X_3308_195,01,-0.1493274,0.03486409,-0.006285827
10:13:43,80,V01_X_3308_195,01,-0.1506552,0.03443757,-0.006515271
10:13:43,108,V01_X_3308_195,01,-0.152868,0.03371481,-0.007338675
10:13:43,122,V01_X_3308_195,01,-0.1543558,0.03353639,-0.007737973
10:13:43,149,V01_X_3308_195,01,-0.1575738,0.03330739,-0.007881331
10:13:43,163,V01_X_3308_195,01,-0.1593251,0.03300044,-0.007610948
10:13:43,191,V01_X_3308_195,01,-0.1612066,0.03277402,-0.007379454
10:13:43,205,V01_X_3308_195,01,-0.1615998,0.03270778,-0.007181706
10:13:43,219,V01_X_3308_195,01,-0.1621111,0.03268149,-0.007102124
10:13:43,246,V01_X_3308_195,01,-0.1630791,0.03257823,-0.006646727
10:13:43,261,V01_X_3308_195,01,-0.1632463,0.03245567,-0.006188043
10:13:43,288,V01_X_3308_195,01,-0.1637438,0.03258603,-0.005785828
10:13:43,302,V01_X_3308_195,01,-0.163835,0.03291946,-0.005874196
10:13:43,330,V01_X_3308_195,01,-0.1637097,0.03328949,-0.006138572
10:13:43,344,V01_X_3308_195,01,-0.1638468,0.03340933,-0.006144995
10:13:43,357,V01_X_3308_195,01,-0.1634886,0.03338159,-0.00627817
10:13:43,385,V01_X_3308_195,01,-0.1630751,0.03310343,-0.006607329
10:13:43,399,V01_X_3308_195,01,-0.1625506,0.03248964,-0.006915452
10:13:43,427,V01_X_3308_195,01,-0.1619057,0.03081331,-0.007454417
10:13:43,441,V01_X_3308_195,01,-0.161717,0.0300429,-0.00793224
10:13:43,469,V01_X_3308_195,01,-0.1615843,0.02825689,-0.008670307
10:13:43,483,V01_X_3308_195,01,-0.1616143,0.02742568,-0.009037198
10:13:43,511,V01_X_3308_195,01,-0.1615665,0.02598821,-0.009523161
10:13:43,525,V01_X_3308_195,01,-0.1616906,0.02541819,-0.009775545
10:13:43,539,V01_X_3308_195,01,-0.1621234,0.02487429,-0.00984146
10:13:43,566,V01_X_3308_195,01,-0.1623498,0.02373051,-0.01003146
10:13:43,580,V01_X_3308_195,01,-0.1623689,0.02346245,-0.01027954
10:13:43,607,V01_X_3308_195,01,-0.162468,0.0231916,-0.01056478
10:13:43,621,V01_X_3308_195,01,-0.1626122,0.02322871,-0.01062999
10:13:43,649,V01_X_3308_195,01,-0.1628672,0.02309931,-0.01030325
10:13:43,663,V01_X_3308_195,01,-0.1629498,0.02301938,-0.01016852
10:13:43,691,V01_X_3308_195,01,-0.1636337,0.02388575,-0.01004069
10:13:43,704,V01_X_3308_195,01,-0.1638379,0.02445927,-0.00988287
10:13:43,733,V01_X_3308_195,01,-0.1654532,0.02598412,-0.009896709
10:13:43,747,V01_X_3308_195,01,-0.1662175,0.02708106,-0.01002687
10:13:43,761,V01_X_3308_195,01,-0.1667422,0.02807985,-0.01025127
10:13:43,789,V01_X_3308_195,01,-0.1680914,0.02983482,-0.01089578
10:13:43,802,V01_X_3308_195,01,-0.1680748,0.03060972,-0.01104595
10:13:43,816,V01_X_3308_195,01,-0.1679774,0.0312307,-0.01167613
10:13:43,844,V01_X_3308_195,01,-0.1683391,0.03233299,-0.01285315
10:13:43,871,V01_X_3308_195,01,-0.168085,0.03296192,-0.01283294
10:13:43,886,V01_X_3308_195,01,-0.1677051,0.03305986,-0.01311831
10:13:43,914,V01_X_3308_195,01,-0.1677002,0.03356299,-0.0136811
10:13:43,927,V01_X_3308_195,01,-0.1673448,0.03387342,-0.01386601
10:13:43,941,V01_X_3308_195,01,-0.1672075,0.03403671,-0.01405777
10:13:43,969,V01_X_3308_195,01,-0.1669699,0.03440695,-0.01380721
10:13:43,983,V01_X_3308_195,01,-0.1669265,0.03443371,-0.01379756
10:13:44,10,V01_X_3308_195,01,-0.1669127,0.03490569,-0.01403035
10:13:44,24,V01_X_3308_195,01,-0.1667612,0.0349401,-0.01390202
10:13:44,38,V01_X_3308_195,01,-0.1666937,0.03489686,-0.01392665
10:13:44,66,V01_X_3308_195,01,-0.1663435,0.03486744,-0.01418438
10:13:44,80,V01_X_3308_195,01,-0.1661514,0.03467095,-0.01420149
10:13:44,107,V01_X_3308_195,01,-0.1654921,0.03469627,-0.01446335
10:13:44,121,V01_X_3308_195,01,-0.1657323,0.03462296,-0.01425344
10:13:44,149,V01_X_3308_195,01,-0.1655757,0.03454532,-0.01419507
10:13:44,163,V01_X_3308_195,01,-0.165667,0.03450585,-0.01418728
10:13:44,191,V01_X_3308_195,01,-0.1656966,0.03440318,-0.01386488
10:13:44,205,V01_X_3308_195,01,-0.1658758,0.03435655,-0.0136855
10:13:44,232,V01_X_3308_195,01,-0.1659511,0.03427436,-0.01356764
10:13:44,247,V01_X_3308_195,01,-0.1656672,0.03429551,-0.01367068
10:13:44,260,V01_X_3308_195,01,-0.1658012,0.03421891,-0.01365667
10:13:44,287,V01_X_3308_195,01,-0.1655568,0.03441429,-0.01398293
10:13:44,302,V01_X_3308_195,01,-0.1650236,0.03470238,-0.01432658
10:13:44,330,V01_X_3308_195,01,-0.1644249,0.03509929,-0.01478313
10:13:44,344,V01_X_3308_195,01,-0.1644076,0.03536255,-0.01493813
10:13:44,372,V01_X_3308_195,01,-0.1643249,0.03572644,-0.01474584
10:13:44,385,V01_X_3308_195,01,-0.1642109,0.03591436,-0.01486274
10:13:44,400,V01_X_3308_195,01,-0.163604,0.03609096,-0.01503388
10:13:44,427,V01_X_3308_195,01,-0.1634924,0.03639599,-0.01531038
10:13:44,441,V01_X_3308_195,01,-0.1634891,0.03657298,-0.01554217
10:13:44,469,V01_X_3308_195,01,-0.1629398,0.03679425,-0.01567759
10:13:44,483,V01_X_3308_195,01,-0.1630648,0.03693919,-0.01577309
10:13:44,511,V01_X_3308_195,01,-0.1630182,0.03712777,-0.01605046
10:13:44,525,V01_X_3308_195,01,-0.162874,0.03742301,-0.01614321
10:13:44,553,V01_X_3308_195,01,-0.1625176,0.03763389,-0.01620015
10:13:44,567,V01_X_3308_195,01,-0.1621888,0.03799279,-0.01630549
10:13:44,594,V01_X_3308_195,01,-0.1613176,0.03873471,-0.01635549
10:13:44,608,V01_X_3308_195,01,-0.1611159,0.03905043,-0.0163259
10:13:44,622,V01_X_3308_195,01,-0.1607122,0.03953275,-0.01620311
10:13:44,650,V01_X_3308_195,01,-0.1591845,0.04085844,-0.01629615
10:13:44,663,V01_X_3308_195,01,-0.1582528,0.04189437,-0.0165606
10:13:44,691,V01_X_3308_195,01,-0.1551566,0.04469456,-0.01710355
10:13:44,705,V01_X_3308_195,01,-0.1525563,0.04669989,-0.01739035
10:13:44,719,V01_X_3308_195,01,-0.1499203,0.04857849,-0.01731674
10:13:44,747,V01_X_3308_195,01,-0.1432426,0.05273728,-0.01700795
10:13:44,761,V01_X_3308_195,01,-0.1402078,0.05499701,-0.01635712
10:13:44,788,V01_X_3308_195,01,-0.1387831,0.05933542,-0.01423941
10:13:44,803,V01_X_3308_195,01,-0.1384403,0.0614774,-0.0133855
10:13:44,831,V01_X_3308_195,01,-0.1403889,0.0641076,-0.01199574
10:13:44,844,V01_X_3308_195,01,-0.1413691,0.06512502,-0.01130182
10:13:44,858,V01_X_3308_195,01,-0.1430584,0.06531882,-0.01097216
10:13:44,886,V01_X_3308_195,01,-0.1445467,0.06508829,-0.01118154
10:13:44,900,V01_X_3308_195,01,-0.1448152,0.06464626,-0.01122287
10:13:44,927,V01_X_3308_195,01,-0.1457129,0.063485,-0.01199699
10:13:44,941,V01_X_3308_195,01,-0.1459012,0.06278128,-0.012492
10:13:44,969,V01_X_3308_195,01,-0.1459004,0.06130771,-0.01312232
10:13:44,983,V01_X_3308_195,01,-0.1463284,0.0608592,-0.01321689
10:13:45,10,V01_X_3308_195,01,-0.1464782,0.06006811,-0.01318408
10:13:45,25,V01_X_3308_195,01,-0.1467822,0.05971625,-0.01307634
10:13:45,53,V01_X_3308_195,01,-0.1471222,0.05949415,-0.01279393
10:13:45,67,V01_X_3308_195,01,-0.1467344,0.05959886,-0.01274669
10:13:45,94,V01_X_3308_195,01,-0.1456265,0.05988337,-0.01305065
10:13:45,109,V01_X_3308_195,01,-0.1448371,0.06013908,-0.01326095
10:13:45,122,V01_X_3308_195,01,-0.1437522,0.0602992,-0.01360374
10:13:45,149,V01_X_3308_195,01,-0.1419161,0.06075809,-0.01432227
10:13:45,164,V01_X_3308_195,01,-0.1410772,0.06097629,-0.01443977
10:13:45,192,V01_X_3308_195,01,-0.1400853,0.06113425,-0.01468644
10:13:45,206,V01_X_3308_195,01,-0.1394854,0.06099885,-0.0147619
10:13:45,233,V01_X_3308_195,01,-0.1384719,0.06087152,-0.01492714
10:13:45,247,V01_X_3308_195,01,-0.1382221,0.060748,-0.01505912
10:13:45,261,V01_X_3308_195,01,-0.1379007,0.06083394,-0.01517567
10:13:45,289,V01_X_3308_195,01,-0.1377773,0.06095909,-0.01528398
10:13:45,303,V01_X_3308_195,01,-0.1377491,0.06077274,-0.01509815
10:13:45,331,V01_X_3308_195,01,-0.1376254,0.06051378,-0.01506948
10:13:45,344,V01_X_3308_195,01,-0.1376216,0.06025178,-0.01500315
10:13:45,372,V01_X_3308_195,01,-0.1388193,0.05915295,-0.01445614
10:13:45,386,V01_X_3308_195,01,-0.1399132,0.05831487,-0.01409643
10:13:45,400,V01_X_3308_195,01,-0.1410535,0.05744169,-0.01399584
10:13:45,427,V01_X_3308_195,01,-0.1430726,0.05551702,-0.01432548
10:13:45,441,V01_X_3308_195,01,-0.1438804,0.05461213,-0.01472448
10:13:45,469,V01_X_3308_195,01,-0.145491,0.05263459,-0.0151386
10:13:45,483,V01_X_3308_195,01,-0.1457482,0.05182438,-0.01550796
10:13:45,511,V01_X_3308_195,01,-0.1465069,0.05022578,-0.01607981
10:13:45,525,V01_X_3308_195,01,-0.1470655,0.04950873,-0.01627173
10:13:45,552,V01_X_3308_195,01,-0.1481438,0.04847721,-0.0166559
10:13:45,566,V01_X_3308_195,01,-0.1486739,0.04814589,-0.01667526
10:13:45,594,V01_X_3308_195,01,-0.1494268,0.04748169,-0.0164061
10:13:45,608,V01_X_3308_195,01,-0.1498925,0.04732631,-0.01634558
10:13:45,622,V01_X_3308_195,01,-0.1504718,0.04701348,-0.01627441
10:13:45,650,V01_X_3308_195,01,-0.1517032,0.04727135,-0.01617171
10:13:45,664,V01_X_3308_195,01,-0.152273,0.0473826,-0.01596433
10:13:45,691,V01_X_3308_195,01,-0.1536703,0.04771679,-0.01570596
10:13:45,706,V01_X_3308_195,01,-0.1541356,0.04796964,-0.01563708
10:13:45,733,V01_X_3308_195,01,-0.1552846,0.0482896,-0.01556624
10:13:45,747,V01_X_3308_195,01,-0.1555337,0.04843194,-0.01556113
10:13:45,761,V01_X_3308_195,01,-0.1558276,0.04858167,-0.01559499
10:13:45,789,V01_X_3308_195,01,-0.1566177,0.04895422,-0.01565925
10:13:45,803,V01_X_3308_195,01,-0.15714,0.04915734,-0.01576949
10:13:45,830,V01_X_3308_195,01,-0.1576874,0.04941076,-0.01582162
10:13:45,844,V01_X_3308_195,01,-0.1580157,0.04950444,-0.0158082
10:13:45,872,V01_X_3308_195,01,-0.1585022,0.0497321,-0.01586935
10:13:45,886,V01_X_3308_195,01,-0.1587005,0.04998911,-0.01584124
10:13:45,900,V01_X_3308_195,01,-0.1590181,0.05013733,-0.01598624
10:13:45,928,V01_X_3308_195,01,-0.1590491,0.05062166,-0.01605009
10:13:45,941,V01_X_3308_195,01,-0.1590559,0.0509574,-0.01614696
10:13:45,970,V01_X_3308_195,01,-0.1585789,0.0517852,-0.01655642
10:13:45,983,V01_X_3308_195,01,-0.1577391,0.05220017,-0.01683086
10:13:46,11,V01_X_3308_195,01,-0.1558129,0.05303256,-0.01750622
10:13:46,25,V01_X_3308_195,01,-0.1548976,0.05354725,-0.01805473
10:13:46,53,V01_X_3308_195,01,-0.151222,0.05566533,-0.02005533
10:13:46,66,V01_X_3308_195,01,-0.1491136,0.05662214,-0.0209539
10:13:46,94,V01_X_3308_195,01,-0.1435225,0.05871912,-0.02216112
10:13:46,108,V01_X_3308_195,01,-0.1405807,0.05968662,-0.02235639
10:13:46,122,V01_X_3308_195,01,-0.1382325,0.06078772,-0.02280747
10:13:46,150,V01_X_3308_195,01,-0.1322665,0.06301527,-0.02313866
10:13:46,164,V01_X_3308_195,01,-0.1302276,0.06436421,-0.02262951
10:13:46,192,V01_X_3308_195,01,-0.1258969,0.06717045,-0.02184476
10:13:46,206,V01_X_3308_195,01,-0.123424,0.06851552,-0.02149152
10:13:46,219,V01_X_3308_195,01,-0.1214489,0.06953126,-0.02103697
10:13:46,247,V01_X_3308_195,01,-0.1170846,0.07146519,-0.02005578
10:13:46,261,V01_X_3308_195,01,-0.1146505,0.07211334,-0.01989455
10:13:46,288,V01_X_3308_195,01,-0.1108402,0.07380724,-0.02003528
10:13:46,303,V01_X_3308_195,01,-0.1102796,0.0746109,-0.01965192
10:13:46,330,V01_X_3308_195,01,-0.1106348,0.07575199,-0.01920731
10:13:46,345,V01_X_3308_195,01,-0.1113977,0.07603933,-0.01968457
10:13:46,359,V01_X_3308_195,01,-0.1110988,0.07603826,-0.02024028
10:13:46,386,V01_X_3308_195,01,-0.1113206,0.07577576,-0.02066892
10:13:46,400,V01_X_3308_195,01,-0.1116481,0.07560575,-0.0207783
10:13:46,428,V01_X_3308_195,01,-0.113213,0.0748704,-0.02119215
10:13:46,442,V01_X_3308_195,01,-0.1133725,0.07430246,-0.02154575
10:13:46,469,V01_X_3308_195,01,-0.1127471,0.07390463,-0.02218624
10:13:46,484,V01_X_3308_195,01,-0.1118178,0.07392893,-0.02242415
10:13:46,512,V01_X_3308_195,01,-0.1098921,0.07422587,-0.02352324
10:13:46,525,V01_X_3308_195,01,-0.1085413,0.07468124,-0.02424077
10:13:46,539,V01_X_3308_195,01,-0.1071242,0.07516083,-0.02491264
10:13:46,567,V01_X_3308_195,01,-0.1036468,0.07643278,-0.0266264
10:13:46,594,V01_X_3308_195,01,-0.09889815,0.07749947,-0.02883215
10:13:46,609,V01_X_3308_195,01,-0.09604744,0.07811408,-0.02993735
10:13:46,622,V01_X_3308_195,01,-0.09332438,0.07834696,-0.03063514
10:13:46,650,V01_X_3308_195,01,-0.08748937,0.0786216,-0.03154391
10:13:46,664,V01_X_3308_195,01,-0.08406319,0.07855211,-0.03191593
10:13:46,692,V01_X_3308_195,01,-0.0789619,0.0783158,-0.03182905
10:13:46,706,V01_X_3308_195,01,-0.077137,0.07833939,-0.0318902
10:13:46,733,V01_X_3308_195,01,-0.07489547,0.0776776,-0.03152757
10:13:46,747,V01_X_3308_195,01,-0.07358898,0.07725724,-0.03136778
10:13:46,761,V01_X_3308_195,01,-0.07241446,0.07638184,-0.03113312
10:13:46,789,V01_X_3308_195,01,-0.07078001,0.07488215,-0.0305896
10:13:46,802,V01_X_3308_195,01,-0.07077403,0.07400326,-0.03019665
10:13:46,830,V01_X_3308_195,01,-0.07322123,0.0723073,-0.02965085
10:13:46,845,V01_X_3308_195,01,-0.07413435,0.07129624,-0.02998287
10:13:46,872,V01_X_3308_195,01,-0.07508823,0.0692742,-0.03022451
10:13:46,886,V01_X_3308_195,01,-0.07572673,0.06801925,-0.02967577
10:13:46,900,V01_X_3308_195,01,-0.07649885,0.06712001,-0.02957815
10:13:46,927,V01_X_3308_195,01,-0.07663921,0.06520047,-0.0297824
10:13:46,941,V01_X_3308_195,01,-0.07688485,0.06414092,-0.02970179
10:13:46,970,V01_X_3308_195,01,-0.07734498,0.06216414,-0.02967283
10:13:46,984,V01_X_3308_195,01,-0.07745772,0.06124536,-0.02968346
10:13:47,12,V01_X_3308_195,01,-0.07772145,0.05959375,-0.02986873
10:13:47,25,V01_X_3308_195,01,-0.07780098,0.05891941,-0.02989149
10:13:47,39,V01_X_3308_195,01,-0.07795514,0.05812397,-0.02990463
10:13:47,66,V01_X_3308_195,01,-0.07833888,0.05675732,-0.03017689
10:13:47,81,V01_X_3308_195,01,-0.07840468,0.056177,-0.03043515
10:13:47,109,V01_X_3308_195,01,-0.07812662,0.054954,-0.03081301
10:13:47,123,V01_X_3308_195,01,-0.07800508,0.05439292,-0.03080546
10:13:47,150,V01_X_3308_195,01,-0.0781745,0.05371332,-0.03108442
10:13:47,164,V01_X_3308_195,01,-0.07845131,0.05331494,-0.03106242
10:13:47,192,V01_X_3308_195,01,-0.0790903,0.05267898,-0.03075091
10:13:47,192,V01_X_3308_195,01,-0.0790903,0.05267898,-0.03075091
10:13:47,219,V01_X_3308_195,01,-0.08002655,0.05220541,-0.03023386
10:13:47,247,V01_X_3308_195,01,-0.08168812,0.05177006,-0.02926932
10:13:47,261,V01_X_3308_195,01,-0.08240837,0.05140097,-0.02869687
10:13:47,288,V01_X_3308_195,01,-0.08345787,0.05082786,-0.02786404
10:13:47,303,V01_X_3308_195,01,-0.08415338,0.05051401,-0.02749084
10:13:47,331,V01_X_3308_195,01,-0.08534137,0.04987454,-0.02661733
10:13:47,345,V01_X_3308_195,01,-0.08581185,0.04948635,-0.02629793
10:13:47,373,V01_X_3308_195,01,-0.0862944,0.04877101,-0.02602156
10:13:47,386,V01_X_3308_195,01,-0.08649987,0.04835914,-0.02577925
10:13:47,401,V01_X_3308_195,01,-0.08642983,0.04814324,-0.02568448
10:13:47,429,V01_X_3308_195,01,-0.08665495,0.04784412,-0.02553236
10:13:47,443,V01_X_3308_195,01,-0.08676154,0.04768293,-0.02530155
10:13:47,456,V01_X_3308_195,01,-0.08697382,0.04777684,-0.02507128
10:13:47,486,V01_X_3308_195,01,-0.08712844,0.04810183,-0.02452873
10:13:47,511,V01_X_3308_195,01,-0.08751795,0.04838989,-0.02393093
10:13:47,525,V01_X_3308_195,01,-0.08779658,0.04862269,-0.02355569
10:13:47,552,V01_X_3308_195,01,-0.08813754,0.0492402,-0.02323976
10:13:47,567,V01_X_3308_195,01,-0.08841772,0.04942508,-0.02304609
10:13:47,581,V01_X_3308_195,01,-0.08861347,0.04960741,-0.02281976
10:13:47,608,V01_X_3308_195,01,-0.08835774,0.0509409,-0.02332485
10:13:47,622,V01_X_3308_195,01,-0.08841515,0.05188674,-0.02327068
10:13:47,650,V01_X_3308_195,01,-0.08796921,0.05439159,-0.02273047
10:13:47,664,V01_X_3308_195,01,-0.08765978,0.05649646,-0.02186753
10:13:47,691,V01_X_3308_195,01,-0.08632687,0.06155331,-0.02041235
10:13:47,705,V01_X_3308_195,01,-0.08598223,0.06344436,-0.01995591
10:13:47,720,V01_X_3308_195,01,-0.08537213,0.06652955,-0.0188061
10:13:47,747,V01_X_3308_195,01,-0.08438308,0.07203718,-0.01733766
10:13:47,761,V01_X_3308_195,01,-0.08401101,0.07478102,-0.01656769
10:13:47,789,V01_X_3308_195,01,-0.08244628,0.08278378,-0.01529797
10:13:47,802,V01_X_3308_195,01,-0.0818255,0.08663694,-0.01451826
10:13:47,830,V01_X_3308_195,01,-0.08018567,0.09354329,-0.01248953
10:13:47,844,V01_X_3308_195,01,-0.07949325,0.09666496,-0.01150977
10:13:47,872,V01_X_3308_195,01,-0.07921195,0.1021482,-0.01001439
10:13:47,885,V01_X_3308_195,01,-0.07924245,0.1042504,-0.009214799
10:13:47,899,V01_X_3308_195,01,-0.07913397,0.1061941,-0.008704466
10:13:47,927,V01_X_3308_195,01,-0.07949395,0.1085799,-0.007488422
10:13:47,941,V01_X_3308_195,01,-0.0795968,0.1094067,-0.007131378
10:13:47,969,V01_X_3308_195,01,-0.0799581,0.109951,-0.007126991
10:13:47,983,V01_X_3308_195,01,-0.08000226,0.1101101,-0.007265692
10:13:48,10,V01_X_3308_195,01,-0.08052699,0.1093545,-0.007662757
10:13:48,24,V01_X_3308_195,01,-0.08079448,0.1089306,-0.008046059
10:13:48,52,V01_X_3308_195,01,-0.08102889,0.1072861,-0.008951358
10:13:48,66,V01_X_3308_195,01,-0.08126625,0.1065563,-0.009331801
10:13:48,80,V01_X_3308_195,01,-0.08155818,0.105881,-0.00957222
10:13:48,108,V01_X_3308_195,01,-0.08213228,0.1047079,-0.009524564
10:13:48,122,V01_X_3308_195,01,-0.08227053,0.1041852,-0.009378451
10:13:48,150,V01_X_3308_195,01,-0.08231682,0.103139,-0.009226767
10:13:48,163,V01_X_3308_195,01,-0.08233862,0.1025771,-0.008988264
10:13:48,177,V01_X_3308_195,01,-0.08229849,0.1020998,-0.008900814
10:13:48,205,V01_X_3308_195,01,-0.0821171,0.1011306,-0.008658792
10:13:48,233,V01_X_3308_195,01,-0.0819388,0.09958395,-0.008353195
10:13:48,247,V01_X_3308_195,01,-0.08202792,0.09860878,-0.008297548
10:13:48,261,V01_X_3308_195,01,-0.08202138,0.09718838,-0.008008606
10:13:48,289,V01_X_3308_195,01,-0.08257741,0.09349631,-0.0081638
10:13:48,303,V01_X_3308_195,01,-0.08283062,0.09164308,-0.008680526
10:13:48,330,V01_X_3308_195,01,-0.08413705,0.08706299,-0.01023501
10:13:48,344,V01_X_3308_195,01,-0.08460704,0.08502474,-0.01084118
10:13:48,372,V01_X_3308_195,01,-0.08550351,0.08094456,-0.01186529
10:13:48,385,V01_X_3308_195,01,-0.0859666,0.07900032,-0.01225213
10:13:48,399,V01_X_3308_195,01,-0.08607864,0.07715904,-0.01293471
10:13:48,427,V01_X_3308_195,01,-0.086074,0.07384592,-0.01371954
10:13:48,441,V01_X_3308_195,01,-0.08583477,0.07241324,-0.01391006
10:13:48,469,V01_X_3308_195,01,-0.08555731,0.07003906,-0.01424566
10:13:48,483,V01_X_3308_195,01,-0.08548728,0.06908185,-0.01415432
10:13:48,511,V01_X_3308_195,01,-0.08540788,0.06748363,-0.0137088
10:13:48,525,V01_X_3308_195,01,-0.08547252,0.06683878,-0.01350747
10:13:48,552,V01_X_3308_195,01,-0.08572195,0.06600614,-0.01250333
10:13:48,566,V01_X_3308_195,01,-0.08592828,0.06581914,-0.01201375
10:13:48,594,V01_X_3308_195,01,-0.08601378,0.06536358,-0.01126399
10:13:48,607,V01_X_3308_195,01,-0.08614056,0.06524258,-0.01086001
10:13:48,622,V01_X_3308_195,01,-0.08617814,0.06496415,-0.01062719
10:13:48,649,V01_X_3308_195,01,-0.08636593,0.06453982,-0.01027857
10:13:48,663,V01_X_3308_195,01,-0.08678748,0.06425267,-0.01017165
10:13:48,691,V01_X_3308_195,01,-0.08726805,0.06387132,-0.009924708
10:13:48,705,V01_X_3308_195,01,-0.08772448,0.06355622,-0.009744973
10:13:48,733,V01_X_3308_195,01,-0.0888096,0.06296542,-0.009335743
10:13:48,747,V01_X_3308_195,01,-0.08940714,0.06253448,-0.009158107
10:13:48,760,V01_X_3308_195,01,-0.08993801,0.06211242,-0.009053171
10:13:48,788,V01_X_3308_195,01,-0.09076893,0.06130952,-0.00906959
10:13:48,802,V01_X_3308_195,01,-0.0911096,0.0608633,-0.009144435
10:13:48,830,V01_X_3308_195,01,-0.09160566,0.06006099,-0.00937277
10:13:48,844,V01_X_3308_195,01,-0.09153796,0.05971093,-0.009535941
10:13:48,872,V01_X_3308_195,01,-0.09149655,0.05933202,-0.009759135
10:13:48,885,V01_X_3308_195,01,-0.09153461,0.0592502,-0.009842248
10:13:48,913,V01_X_3308_195,01,-0.09156457,0.05916379,-0.009749433
10:13:48,927,V01_X_3308_195,01,-0.09166426,0.05915975,-0.009662719
10:13:48,941,V01_X_3308_195,01,-0.09212044,0.05942751,-0.009397151
10:13:48,969,V01_X_3308_195,01,-0.09238157,0.05966657,-0.008814404
10:13:48,983,V01_X_3308_195,01,-0.09270349,0.05975432,-0.008445145
10:13:49,10,V01_X_3308_195,01,-0.09283541,0.05962637,-0.007761869
10:13:49,24,V01_X_3308_195,01,-0.09300119,0.05953844,-0.007651909
10:13:49,52,V01_X_3308_195,01,-0.09339047,0.05924269,-0.007278856
10:13:49,65,V01_X_3308_195,01,-0.09358872,0.05906789,-0.007136953
10:13:49,80,V01_X_3308_195,01,-0.09385315,0.05887914,-0.006992545
10:13:49,107,V01_X_3308_195,01,-0.0941567,0.05857223,-0.006740307
10:13:49,122,V01_X_3308_195,01,-0.094124,0.05844188,-0.00678214
10:13:49,149,V01_X_3308_195,01,-0.0942187,0.05826449,-0.006853225
10:13:49,163,V01_X_3308_195,01,-0.09442133,0.05829226,-0.006862421
10:13:49,191,V01_X_3308_195,01,-0.09441844,0.05819128,-0.006705373
10:13:49,205,V01_X_3308_195,01,-0.09449062,0.05827297,-0.006649167
10:13:49,219,V01_X_3308_195,01,-0.09448566,0.0582728,-0.006522803
10:13:49,247,V01_X_3308_195,01,-0.09513116,0.05841013,-0.006204508
10:13:49,260,V01_X_3308_195,01,-0.09573482,0.05847035,-0.005923222
10:13:49,288,V01_X_3308_195,01,-0.09601092,0.05846743,-0.005750508
10:13:49,302,V01_X_3308_195,01,-0.09624533,0.05846361,-0.005802295
10:13:49,330,V01_X_3308_195,01,-0.09711652,0.05837199,-0.005516052
10:13:49,344,V01_X_3308_195,01,-0.09783303,0.05819697,-0.005309409
10:13:49,372,V01_X_3308_195,01,-0.1011138,0.0579526,-0.00447387
10:13:49,386,V01_X_3308_195,01,-0.1041087,0.0578241,-0.003685142
10:13:49,400,V01_X_3308_195,01,-0.1074342,0.05745615,-0.002737817
10:13:49,427,V01_X_3308_195,01,-0.1163421,0.05801331,-0.004193349
10:13:49,441,V01_X_3308_195,01,-0.1199282,0.05813824,-0.005073022
10:13:49,469,V01_X_3308_195,01,-0.1268482,0.05803843,-0.006403171
10:13:49,482,V01_X_3308_195,01,-0.1288651,0.05783558,-0.007547515
10:13:49,496,V01_X_3308_195,01,-0.1306326,0.05767523,-0.008303369
10:13:49,524,V01_X_3308_195,01,-0.1362609,0.05739016,-0.008150274
10:13:49,538,V01_X_3308_195,01,-0.139173,0.05744856,-0.008379841
10:13:49,566,V01_X_3308_195,01,-0.1448056,0.05785057,-0.008796207
10:13:49,580,V01_X_3308_195,01,-0.1477828,0.05807249,-0.00878373
10:13:49,608,V01_X_3308_195,01,-0.1528201,0.05824717,-0.008514159
10:13:49,622,V01_X_3308_195,01,-0.154549,0.05828172,-0.008565686
10:13:49,636,V01_X_3308_195,01,-0.1560616,0.05831558,-0.008539398
10:13:49,663,V01_X_3308_195,01,-0.1582852,0.05838241,-0.008607032
10:13:49,691,V01_X_3308_195,01,-0.1600276,0.05870594,-0.008303596
10:13:49,705,V01_X_3308_195,01,-0.1608866,0.05888459,-0.008442109
10:13:49,732,V01_X_3308_195,01,-0.1619039,0.05916228,-0.008550957
10:13:49,746,V01_X_3308_195,01,-0.1621367,0.05925275,-0.008549963
10:13:49,760,V01_X_3308_195,01,-0.1624296,0.05943529,-0.008684448
10:13:49,788,V01_X_3308_195,01,-0.1628143,0.05980705,-0.009115229
10:13:49,802,V01_X_3308_195,01,-0.1626642,0.05990487,-0.009036046
10:13:49,815,V01_X_3308_195,01,-0.1627237,0.06005028,-0.008866247
10:13:49,844,V01_X_3308_195,01,-0.1628266,0.06010754,-0.008562169
10:13:49,871,V01_X_3308_195,01,-0.1628333,0.06027082,-0.008462576
10:13:49,885,V01_X_3308_195,01,-0.1626649,0.0603597,-0.008379576
10:13:49,899,V01_X_3308_195,01,-0.1625099,0.06049733,-0.008424527
10:13:49,926,V01_X_3308_195,01,-0.1624388,0.06053557,-0.008380508
10:13:49,941,V01_X_3308_195,01,-0.1625251,0.06046997,-0.008188047
10:13:49,955,V01_X_3308_195,01,-0.1624226,0.0603663,-0.008253699
10:13:49,982,V01_X_3308_195,01,-0.1620743,0.06008486,-0.008251769
10:13:50,10,V01_X_3308_195,01,-0.1618335,0.05985169,-0.008256701
10:13:50,24,V01_X_3308_195,01,-0.1616655,0.05979169,-0.008368229
10:13:50,52,V01_X_3308_195,01,-0.161412,0.05960698,-0.008490161
10:13:50,66,V01_X_3308_195,01,-0.1614248,0.05941477,-0.008513376
10:13:50,93,V01_X_3308_195,01,-0.1612283,0.05932499,-0.008655344
10:13:50,107,V01_X_3308_195,01,-0.1608849,0.0592658,-0.008995326
10:13:50,121,V01_X_3308_195,01,-0.1605127,0.05937961,-0.009399102
10:13:50,149,V01_X_3308_195,01,-0.1600586,0.05965599,-0.01002878
10:13:50,163,V01_X_3308_195,01,-0.1599189,0.05985454,-0.0102425
10:13:50,191,V01_X_3308_195,01,-0.159479,0.06029011,-0.01055874
10:13:50,205,V01_X_3308_195,01,-0.1591627,0.06054799,-0.0106829
10:13:50,233,V01_X_3308_195,01,-0.1584871,0.06083491,-0.01096946
10:13:50,247,V01_X_3308_195,01,-0.158041,0.06096142,-0.0113063
10:13:50,260,V01_X_3308_195,01,-0.1574395,0.06103601,-0.01150831
10:13:50,288,V01_X_3308_195,01,-0.1561736,0.06117306,-0.01186801
10:13:50,302,V01_X_3308_195,01,-0.1553019,0.06127254,-0.01224273
10:13:50,330,V01_X_3308_195,01,-0.1524644,0.06107596,-0.01296995
10:13:50,343,V01_X_3308_195,01,-0.1504053,0.06097715,-0.01343004
10:13:50,371,V01_X_3308_195,01,-0.1455255,0.06047703,-0.0141423
10:13:50,386,V01_X_3308_195,01,-0.1433853,0.06024159,-0.01425812
10:13:50,399,V01_X_3308_195,01,-0.1416925,0.06035236,-0.01449055
10:13:50,427,V01_X_3308_195,01,-0.1410406,0.06079321,-0.01389763
10:13:50,440,V01_X_3308_195,01,-0.1414547,0.06105253,-0.01355913
10:13:50,468,V01_X_3308_195,01,-0.1418462,0.06103062,-0.01348179
10:13:50,482,V01_X_3308_195,01,-0.1417404,0.06099083,-0.0134704
10:13:50,510,V01_X_3308_195,01,-0.1418419,0.06081553,-0.01354422
10:13:50,524,V01_X_3308_195,01,-0.1421082,0.06066711,-0.01349748
10:13:50,551,V01_X_3308_195,01,-0.1423667,0.06022161,-0.01359666
10:13:50,566,V01_X_3308_195,01,-0.1424945,0.05995229,-0.01363296
10:13:50,580,V01_X_3308_195,01,-0.1426787,0.05975695,-0.01353809
10:13:50,607,V01_X_3308_195,01,-0.1426189,0.05954699,-0.0133305
10:13:50,620,V01_X_3308_195,01,-0.1425019,0.05950322,-0.01330903
10:13:50,649,V01_X_3308_195,01,-0.142677,0.05966901,-0.01318176
10:13:50,663,V01_X_3308_195,01,-0.1428571,0.05986324,-0.01320746
10:13:50,677,V01_X_3308_195,01,-0.1429268,0.0600467,-0.01335449
10:13:50,704,V01_X_3308_195,01,-0.1426601,0.06037756,-0.01340619
10:13:50,718,V01_X_3308_195,01,-0.1426172,0.06051239,-0.01351422
10:13:50,745,V01_X_3308_195,01,-0.1422745,0.06085079,-0.01381376
10:13:50,759,V01_X_3308_195,01,-0.1423202,0.06104678,-0.01384533
10:13:50,788,V01_X_3308_195,01,-0.142131,0.06111086,-0.01365507
10:13:51,319,V01_X_3308_195,01,-0.1420841,0.0610995,-0.0137037
10:13:51,319,V01_X_3308_195,01,-0.1420841,0.0610995,-0.0137037
10:13:51,319,V01_X_3308_195,01,-0.1420841,0.0610995,-0.0137037
10:13:51,319,V01_X_3308_195,01,-0.1420841,0.0610995,-0.0137037
10:13:51,319,V01_X_3308_195,01,-0.1420841,0.0610995,-0.0137037
10:13:51,319,V01_X_3308_195,01,-0.1420841,0.0610995,-0.0137037
10:13:51,319,V01_X_3308_195,01,-0.1420841,0.0610995,-0.0137037
10:13:51,319,V01_X_3308_195,01,-0.1420841,0.0610995,-0.0137037
10:13:51,319,V01_X_3308_195,01,-0.1420841,0.0610995,-0.0137037
10:13:51,319,V01_X_3308_195,01,-0.1420841,0.0610995,-0.0137037
10:13:51,319,V01_X_3308_195,01,-0.1420841,0.0610995,-0.0137037
10:13:51,319,V01_X_3308_195,01,-0.1420841,0.0610995,-0.0137037
10:13:51,319,V01_X_3308_195,01,-0.1420841,0.0610995,-0.0137037
10:13:51,319,V01_X_3308_195,01,-0.1420841,0.0610995,-0.0137037
10:13:51,319,V01_X_3308_195,01,-0.1420841,0.0610995,-0.0137037
10:13:51,319,V01_X_3308_195,01,-0.1420841,0.0610995,-0.0137037
10:13:51,319,V01_X_3308_195,01,-0.1420841,0.0610995,-0.0137037
