Participant: ,, ,Video:
Audio Order
A01_exp_1,
A02_exp_2,
A03_xp_3,
A04_exp_4,
A05_ppt_1,
A06_ppt_2,
A07_ppt_3,
A08_ppt_4,
Time,Millisecond,VideoClip,AudioClip,Headrotatin X,Headrotatin Y,Headrotatin Y,GazeObject
19:49:31,823,0,0,0
19:49:31,827,0,0,0
19:49:31,832,0,0,0
19:49:31,837,0,0,0
19:49:31,841,0,0,0
19:49:31,843,0,0,0
19:49:31,846,0,0,0
19:49:31,848,0,0,0
19:49:31,852,0,0,0
19:49:31,855,0,0,0
19:49:31,857,0,0,0
19:49:31,859,0,0,0
19:49:31,863,0,0,0
19:49:31,865,0,0,0
19:49:31,868,0,0,0
19:49:31,870,0,0,0
19:49:31,874,0,0,0
19:49:31,878,0,0,0
19:49:31,880,0,0,0
19:49:31,883,0,0,0
19:49:31,885,0,0,0
19:49:31,888,0,0,0
19:49:31,890,0,0,0
19:49:31,894,0,0,0
19:49:31,897,0,0,0
19:49:31,900,0,0,0
19:49:31,903,0,0,0
19:49:31,904,0,0,0
19:49:31,908,0,0,0
19:49:31,912,0,0,0
19:49:31,914,0,0,0
19:49:31,918,0,0,0
19:49:31,921,0,0,0
19:49:31,924,0,0,0
19:49:31,928,0,0,0
19:49:31,931,0,0,0
19:49:31,934,0,0,0
19:49:31,939,0,0,0
19:49:31,943,0,0,0
19:49:31,946,0,0,0
19:49:31,950,0,0,0
19:49:31,954,0,0,0
19:49:31,958,0,0,0
19:49:31,962,0,0,0
19:49:31,966,0,0,0
19:49:31,970,0,0,0
19:49:31,974,0,0,0
19:49:31,977,0,0,0
19:49:31,980,0,0,0
19:49:31,985,0,0,0
19:49:31,990,0,0,0
19:49:31,995,0,0,0
19:49:32,1,0,0,0
19:49:32,5,0,0,0
19:49:32,9,0,0,0
19:49:32,13,0,0,0
19:49:32,17,0,0,0
19:49:32,21,0,0,0
19:49:32,25,0,0,0
19:49:32,28,0,0,0
19:49:32,33,0,0,0
19:49:32,35,0,0,0
19:49:32,38,0,0,0
19:49:32,42,0,0,0
19:49:32,45,0,0,0
19:49:32,49,0,0,0
19:49:32,53,0,0,0
19:49:32,55,0,0,0
19:49:32,58,0,0,0
19:49:32,62,0,0,0
19:49:32,66,0,0,0
19:49:32,69,0,0,0
19:49:32,72,0,0,0
19:49:32,75,0,0,0
19:49:32,79,0,0,0
19:49:32,83,0,0,0
19:49:32,86,0,0,0
19:49:32,88,0,0,0
19:49:32,92,0,0,0
19:49:32,95,0,0,0
19:49:32,99,0,0,0
19:49:32,101,0,0,0
19:49:32,105,0,0,0
19:49:32,107,0,0,0
19:49:32,111,0,0,0
19:49:32,114,0,0,0
19:49:32,117,0,0,0
19:49:32,121,0,0,0
19:49:32,123,0,0,0
19:49:32,126,0,0,0
19:49:32,130,0,0,0
19:49:32,133,0,0,0
19:49:32,135,0,0,0
19:49:32,138,0,0,0
19:49:32,142,0,0,0
19:49:32,145,0,0,0
19:49:32,147,0,0,0
19:49:32,149,0,0,0
19:49:32,153,0,0,0
19:49:32,155,0,0,0
19:49:32,159,0,0,0
19:49:32,162,0,0,0
19:49:32,164,0,0,0
19:49:32,168,0,0,0
19:49:32,171,0,0,0
19:49:32,175,0,0,0
19:49:32,178,0,0,0
19:49:32,181,0,0,0
19:49:32,183,0,0,0
19:49:32,186,0,0,0
19:49:32,190,0,0,0
19:49:32,193,0,0,0
19:49:32,196,0,0,0
19:49:32,198,0,0,0
19:49:32,202,0,0,0
19:49:32,204,0,0,0
19:49:32,208,0,0,0
19:49:32,210,0,0,0
19:49:32,214,0,0,0
19:49:32,216,0,0,0
19:49:32,220,0,0,0
19:49:32,223,0,0,0
19:49:32,225,0,0,0
19:49:32,229,0,0,0
19:49:32,231,0,0,0
19:49:32,233,0,0,0
19:49:32,237,0,0,0
19:49:32,239,0,0,0
19:49:32,243,0,0,0
19:49:32,245,0,0,0
19:49:32,248,0,0,0
19:49:32,252,0,0,0
19:49:32,255,0,0,0
19:49:32,258,0,0,0
19:49:32,262,0,0,0
19:49:32,264,0,0,0
19:49:32,268,0,0,0
19:49:32,270,0,0,0
19:49:32,273,0,0,0
19:49:32,277,0,0,0
19:49:32,279,0,0,0
19:49:32,283,0,0,0
19:49:32,285,0,0,0
19:49:32,289,0,0,0
19:49:32,292,0,0,0
19:49:32,294,0,0,0
19:49:32,299,0,0,0
19:49:32,301,0,0,0
19:49:32,304,0,0,0
19:49:32,306,0,0,0
19:49:32,308,0,0,0
19:49:32,312,0,0,0
19:49:32,316,0,0,0
19:49:32,318,0,0,0
19:49:32,321,0,0,0
19:49:32,324,0,0,0
19:49:32,327,0,0,0
19:49:32,330,0,0,0
19:49:32,334,0,0,0
19:49:32,336,0,0,0
19:49:32,338,0,0,0
19:49:32,342,0,0,0
19:49:32,346,0,0,0
19:49:32,349,0,0,0
19:49:32,351,0,0,0
19:49:32,355,0,0,0
19:49:32,358,0,0,0
19:49:32,361,0,0,0
19:49:32,363,0,0,0
19:49:32,366,0,0,0
19:49:32,369,0,0,0
19:49:32,373,0,0,0
19:49:32,377,0,0,0
19:49:32,380,0,0,0
19:49:32,383,0,0,0
19:49:32,386,0,0,0
19:49:32,390,0,0,0
19:49:32,393,0,0,0
19:49:32,395,0,0,0
19:49:32,397,0,0,0
19:49:32,400,0,0,0
19:49:32,403,0,0,0
19:49:32,406,0,0,0
19:49:32,408,0,0,0
19:49:32,412,0,0,0
19:49:32,414,0,0,0
19:49:32,417,0,0,0
19:49:32,420,0,0,0
19:49:32,423,0,0,0
19:49:32,426,0,0,0
19:49:32,428,0,0,0
19:49:32,430,0,0,0
19:49:32,433,0,0,0
19:49:32,437,0,0,0
19:49:32,439,0,0,0
19:49:32,443,0,0,0
19:49:32,446,0,0,0
19:49:32,449,0,0,0
19:49:32,452,0,0,0
19:49:32,455,0,0,0
19:49:32,457,0,0,0
19:49:32,460,0,0,0
19:49:32,463,0,0,0
19:49:32,466,0,0,0
19:49:32,469,0,0,0
19:49:32,473,0,0,0
19:49:32,475,0,0,0
19:49:32,479,0,0,0
19:49:32,481,0,0,0
19:49:32,485,0,0,0
19:49:32,488,0,0,0
19:49:32,491,0,0,0
19:49:32,494,0,0,0
19:49:32,497,0,0,0
19:49:32,500,0,0,0
19:49:32,503,0,0,0
19:49:32,505,0,0,0
19:49:32,508,0,0,0
19:49:32,512,0,0,0
19:49:32,515,0,0,0
19:49:32,518,0,0,0
19:49:32,521,0,0,0
19:49:32,524,0,0,0
19:49:32,527,0,0,0
19:49:32,529,0,0,0
19:49:32,533,0,0,0
19:49:32,535,0,0,0
19:49:32,538,0,0,0
19:49:32,540,0,0,0
19:49:32,543,0,0,0
19:49:32,547,0,0,0
19:49:32,549,0,0,0
19:49:32,552,0,0,0
19:49:32,555,0,0,0
19:49:32,557,0,0,0
19:49:32,561,0,0,0
19:49:32,564,0,0,0
19:49:32,567,0,0,0
19:49:32,569,0,0,0
19:49:32,572,0,0,0
19:49:32,574,0,0,0
19:49:32,578,0,0,0
19:49:32,580,0,0,0
19:49:32,583,0,0,0
19:49:32,586,0,0,0
19:49:32,588,0,0,0
19:49:32,591,0,0,0
19:49:32,594,0,0,0
19:49:32,597,0,0,0
19:49:32,600,0,0,0
19:49:32,602,0,0,0
19:49:32,605,0,0,0
19:49:32,607,0,0,0
19:49:32,610,0,0,0
19:49:32,615,0,0,0
19:49:32,617,0,0,0
19:49:32,620,0,0,0
19:49:32,623,0,0,0
19:49:32,626,0,0,0
19:49:32,629,0,0,0
19:49:32,632,0,0,0
19:49:32,635,0,0,0
19:49:32,637,0,0,0
19:49:32,641,0,0,0
19:49:32,643,0,0,0
19:49:32,645,0,0,0
19:49:32,648,0,0,0
19:49:32,651,0,0,0
19:49:32,655,0,0,0
19:49:32,658,0,0,0
19:49:32,660,0,0,0
19:49:32,663,0,0,0
19:49:32,665,0,0,0
19:49:32,667,0,0,0
19:49:32,670,0,0,0
19:49:32,673,0,0,0
19:49:32,676,0,0,0
19:49:32,679,0,0,0
19:49:32,681,0,0,0
19:49:32,684,0,0,0
19:49:32,688,0,0,0
19:49:32,692,0,0,0
19:49:32,694,0,0,0
19:49:32,696,0,0,0
19:49:32,702,0,0,0
19:49:32,710,0,0,0
19:49:32,713,0,0,0
19:49:32,716,0,0,0
19:49:32,719,0,0,0
19:49:32,722,0,0,0
19:49:32,725,0,0,0
19:49:32,727,0,0,0
19:49:32,730,0,0,0
19:49:32,734,0,0,0
19:49:32,738,0,0,0
19:49:32,740,0,0,0
19:49:32,743,0,0,0
19:49:32,746,0,0,0
19:49:32,750,0,0,0
19:49:32,753,0,0,0
19:49:32,755,0,0,0
19:49:32,759,0,0,0
19:49:32,761,0,0,0
19:49:32,763,0,0,0
19:49:32,766,0,0,0
19:49:32,769,0,0,0
19:49:32,772,0,0,0
19:49:32,776,0,0,0
19:49:32,778,0,0,0
19:49:32,782,0,0,0
19:49:32,785,0,0,0
19:49:32,787,0,0,0
19:49:32,790,0,0,0
19:49:32,793,0,0,0
19:49:32,795,0,0,0
19:49:32,798,0,0,0
19:49:32,801,0,0,0
19:49:32,804,0,0,0
19:49:32,806,0,0,0
19:49:32,809,0,0,0
19:49:32,812,0,0,0
19:49:32,815,0,0,0
19:49:32,819,0,0,0
19:49:32,821,0,0,0
19:49:32,825,0,0,0
19:49:32,827,0,0,0
19:49:32,831,0,0,0
19:49:32,834,0,0,0
19:49:32,837,0,0,0
19:49:32,840,0,0,0
19:49:32,843,0,0,0
19:49:32,846,0,0,0
19:49:32,848,0,0,0
19:49:32,852,0,0,0
19:49:32,854,0,0,0
19:49:32,857,0,0,0
19:49:32,860,0,0,0
19:49:32,863,0,0,0
19:49:32,866,0,0,0
19:49:32,869,0,0,0
19:49:32,873,0,0,0
19:49:32,876,0,0,0
19:49:32,880,0,0,0
19:49:32,883,0,0,0
19:49:32,886,0,0,0
19:49:32,889,0,0,0
19:49:32,891,0,0,0
19:49:32,894,0,0,0
19:49:32,896,0,0,0
19:49:32,901,0,0,0
19:49:32,904,0,0,0
19:49:32,906,0,0,0
19:49:32,909,0,0,0
19:49:32,912,0,0,0
19:49:32,914,0,0,0
19:49:32,918,0,0,0
19:49:32,921,0,0,0
19:49:32,924,0,0,0
19:49:32,927,0,0,0
19:49:32,930,0,0,0
19:49:32,933,0,0,0
19:49:32,936,0,0,0
19:49:32,939,0,0,0
19:49:32,942,0,0,0
19:49:32,945,0,0,0
19:49:32,948,0,0,0
19:49:32,951,0,0,0
19:49:32,954,0,0,0
19:49:32,956,0,0,0
19:49:32,960,0,0,0
19:49:32,963,0,0,0
19:49:32,965,0,0,0
19:49:32,969,0,0,0
19:49:32,971,0,0,0
19:49:32,973,0,0,0
19:49:32,977,0,0,0
19:49:32,980,0,0,0
19:49:32,983,0,0,0
19:49:32,985,0,0,0
19:49:32,989,0,0,0
19:49:32,992,0,0,0
19:49:32,995,0,0,0
19:49:32,998,0,0,0
19:49:33,2,0,0,0
19:49:33,4,0,0,0
19:49:33,7,0,0,0
19:49:33,10,0,0,0
19:49:33,13,0,0,0
19:49:33,15,0,0,0
19:49:33,18,0,0,0
19:49:33,21,0,0,0
19:49:33,23,0,0,0
19:49:33,26,0,0,0
19:49:33,29,0,0,0
19:49:33,32,0,0,0
19:49:33,35,0,0,0
19:49:33,37,0,0,0
19:49:33,40,0,0,0
19:49:33,43,0,0,0
19:49:33,46,0,0,0
19:49:33,48,0,0,0
19:49:33,52,0,0,0
19:49:33,55,0,0,0
19:49:33,57,0,0,0
19:49:33,63,0,0,0
19:49:33,65,0,0,0
19:49:33,68,0,0,0
19:49:33,70,0,0,0
19:49:33,73,0,0,0
19:49:33,77,0,0,0
19:49:33,80,0,0,0
19:49:33,83,0,0,0
19:49:33,86,0,0,0
19:49:33,88,0,0,0
19:49:33,91,0,0,0
19:49:33,94,0,0,0
19:49:33,97,0,0,0
19:49:33,99,0,0,0
19:49:33,103,0,0,0
19:49:33,106,0,0,0
19:49:33,109,0,0,0
19:49:33,112,0,0,0
19:49:33,114,0,0,0
19:49:33,116,0,0,0
19:49:33,119,0,0,0
19:49:33,123,0,0,0
19:49:33,125,0,0,0
19:49:33,129,0,0,0
19:49:33,132,0,0,0
19:49:33,135,0,0,0
19:49:33,139,0,0,0
19:49:33,142,0,0,0
19:49:33,145,0,0,0
19:49:33,148,0,0,0
19:49:33,151,0,0,0
19:49:33,155,0,0,0
19:49:33,157,0,0,0
19:49:33,160,0,0,0
19:49:33,163,0,0,0
19:49:33,165,0,0,0
19:49:33,169,0,0,0
19:49:33,172,0,0,0
19:49:33,175,0,0,0
19:49:33,177,0,0,0
19:49:33,180,0,0,0
19:49:33,183,0,0,0
19:49:33,186,0,0,0
19:49:33,189,0,0,0
19:49:33,192,0,0,0
19:49:33,195,0,0,0
19:49:33,198,0,0,0
19:49:33,202,0,0,0
19:49:33,205,0,0,0
19:49:33,208,0,0,0
19:49:33,210,0,0,0
19:49:33,213,0,0,0
19:49:33,215,0,0,0
19:49:33,218,0,0,0
19:49:33,220,0,0,0
19:49:33,225,0,0,0
19:49:33,228,0,0,0
19:49:33,231,0,0,0
19:49:33,235,0,0,0
19:49:33,238,0,0,0
19:49:33,241,0,0,0
19:49:33,244,0,0,0
19:49:33,248,0,0,0
19:49:33,251,0,0,0
19:49:33,254,0,0,0
19:49:33,256,0,0,0
19:49:33,259,0,0,0
19:49:33,263,0,0,0
19:49:33,266,0,0,0
19:49:33,268,0,0,0
19:49:33,272,0,0,0
19:49:33,275,0,0,0
19:49:33,278,0,0,0
19:49:33,280,0,0,0
19:49:33,283,0,0,0
19:49:33,285,0,0,0
19:49:33,289,0,0,0
19:49:33,292,0,0,0
19:49:33,294,0,0,0
19:49:33,296,0,0,0
19:49:33,300,0,0,0
19:49:33,303,0,0,0
19:49:33,305,0,0,0
19:49:33,308,0,0,0
19:49:33,310,0,0,0
19:49:33,313,0,0,0
19:49:33,316,0,0,0
19:49:33,318,0,0,0
19:49:33,320,0,0,0
19:49:33,324,0,0,0
19:49:33,327,0,0,0
19:49:33,330,0,0,0
19:49:33,333,0,0,0
19:49:33,337,0,0,0
19:49:33,339,0,0,0
19:49:33,342,0,0,0
19:49:33,344,0,0,0
19:49:33,348,0,0,0
19:49:33,350,0,0,0
19:49:33,354,0,0,0
19:49:33,356,0,0,0
19:49:33,360,0,0,0
19:49:33,362,0,0,0
19:49:33,365,0,0,0
19:49:33,368,0,0,0
19:49:33,370,0,0,0
19:49:33,374,0,0,0
19:49:33,376,0,0,0
19:49:33,379,0,0,0
19:49:33,381,0,0,0
19:49:33,384,0,0,0
19:49:33,388,0,0,0
19:49:33,391,0,0,0
19:49:33,394,0,0,0
19:49:33,397,0,0,0
19:49:33,399,0,0,0
19:49:33,403,0,0,0
19:49:33,405,0,0,0
19:49:33,409,0,0,0
19:49:33,412,0,0,0
19:49:33,415,0,0,0
19:49:33,418,0,0,0
19:49:33,421,0,0,0
19:49:33,424,0,0,0
19:49:33,426,0,0,0
19:49:33,430,0,0,0
19:49:33,433,0,0,0
19:49:33,436,0,0,0
19:49:33,438,0,0,0
19:49:33,442,0,0,0
19:49:33,445,0,0,0
19:49:33,447,0,0,0
19:49:33,449,0,0,0
19:49:33,453,0,0,0
19:49:33,456,0,0,0
19:49:33,459,0,0,0
19:49:33,462,0,0,0
19:49:33,465,0,0,0
19:49:33,467,0,0,0
19:49:33,472,0,0,0
19:49:33,474,0,0,0
19:49:33,477,0,0,0
19:49:33,479,0,0,0
19:49:33,483,0,0,0
19:49:33,485,0,0,0
19:49:33,488,0,0,0
19:49:33,491,0,0,0
19:49:33,494,0,0,0
19:49:33,496,0,0,0
19:49:33,500,0,0,0
19:49:33,503,0,0,0
19:49:33,506,0,0,0
19:49:33,509,0,0,0
19:49:33,513,0,0,0
19:49:33,516,0,0,0
19:49:33,519,0,0,0
19:49:33,522,0,0,0
19:49:33,524,0,0,0
19:49:33,529,0,0,0
19:49:33,533,0,0,0
19:49:33,535,0,0,0
19:49:33,538,0,0,0
19:49:33,540,0,0,0
19:49:33,543,0,0,0
19:49:33,546,0,0,0
19:49:33,548,0,0,0
19:49:33,552,0,0,0
19:49:33,555,0,0,0
19:49:33,557,0,0,0
19:49:33,559,0,0,0
19:49:33,562,0,0,0
19:49:33,565,0,0,0
19:49:33,568,0,0,0
19:49:33,570,0,0,0
19:49:33,573,0,0,0
19:49:33,575,0,0,0
19:49:33,579,0,0,0
19:49:33,582,0,0,0
19:49:33,585,0,0,0
19:49:33,587,0,0,0
19:49:33,590,0,0,0
19:49:33,594,0,0,0
19:49:33,596,0,0,0
19:49:33,600,0,0,0
19:49:33,602,0,0,0
19:49:33,605,0,0,0
19:49:33,608,0,0,0
19:49:33,611,0,0,0
19:49:33,614,0,0,0
19:49:33,617,0,0,0
19:49:33,621,0,0,0
19:49:33,624,0,0,0
19:49:33,630,0,0,0
19:49:33,637,0,0,0
19:49:33,640,0,0,0
19:49:33,643,0,0,0
19:49:33,646,0,0,0
19:49:33,649,0,0,0
19:49:33,652,0,0,0
19:49:33,656,0,0,0
19:49:33,658,0,0,0
19:49:33,662,0,0,0
19:49:33,665,0,0,0
19:49:33,668,0,0,0
19:49:33,671,0,0,0
19:49:33,674,0,0,0
19:49:33,677,0,0,0
19:49:33,681,0,0,0
19:49:33,683,0,0,0
19:49:33,686,0,0,0
19:49:33,688,0,0,0
19:49:33,690,0,0,0
19:49:33,693,0,0,0
19:49:33,698,0,0,0
19:49:33,700,0,0,0
19:49:33,704,0,0,0
19:49:33,706,0,0,0
19:49:33,709,0,0,0
19:49:33,712,0,0,0
19:49:33,714,0,0,0
19:49:33,719,0,0,0
19:49:33,721,0,0,0
19:49:33,724,0,0,0
19:49:33,727,0,0,0
19:49:33,730,0,0,0
19:49:33,733,0,0,0
19:49:33,736,0,0,0
19:49:33,738,0,0,0
19:49:33,741,0,0,0
19:49:33,744,0,0,0
19:49:33,746,0,0,0
19:49:33,749,0,0,0
19:49:33,752,0,0,0
19:49:33,755,0,0,0
19:49:33,759,0,0,0
19:49:33,761,0,0,0
19:49:33,763,0,0,0
19:49:33,767,0,0,0
19:49:33,769,0,0,0
19:49:33,772,0,0,0
19:49:33,775,0,0,0
19:49:33,777,0,0,0
19:49:33,781,0,0,0
19:49:33,784,0,0,0
19:49:33,786,0,0,0
19:49:33,789,0,0,0
19:49:33,791,0,0,0
19:49:33,795,0,0,0
19:49:33,797,0,0,0
19:49:33,800,0,0,0
19:49:33,804,0,0,0
19:49:33,806,0,0,0
19:49:33,808,0,0,0
19:49:33,812,0,0,0
19:49:33,815,0,0,0
19:49:33,818,0,0,0
19:49:33,821,0,0,0
19:49:33,823,0,0,0
19:49:33,826,0,0,0
19:49:33,829,0,0,0
19:49:33,832,0,0,0
19:49:33,835,0,0,0
19:49:33,838,0,0,0
19:49:33,840,0,0,0
19:49:33,843,0,0,0
19:49:33,846,0,0,0
19:49:33,848,0,0,0
19:49:33,851,0,0,0
19:49:33,854,0,0,0
19:49:33,857,0,0,0
19:49:33,860,0,0,0
19:49:33,863,0,0,0
19:49:33,866,0,0,0
19:49:33,869,0,0,0
19:49:33,872,0,0,0
19:49:33,875,0,0,0
19:49:33,878,0,0,0
19:49:33,880,0,0,0
19:49:33,884,0,0,0
19:49:33,887,0,0,0
19:49:33,890,0,0,0
19:49:33,893,0,0,0
19:49:33,897,0,0,0
19:49:33,900,0,0,0
19:49:33,903,0,0,0
19:49:33,905,0,0,0
19:49:33,908,0,0,0
19:49:33,911,0,0,0
19:49:33,914,0,0,0
19:49:33,916,0,0,0
19:49:33,921,0,0,0
19:49:33,924,0,0,0
19:49:33,927,0,0,0
19:49:33,930,0,0,0
19:49:33,933,0,0,0
19:49:33,935,0,0,0
19:49:33,938,0,0,0
19:49:33,940,0,0,0
19:49:33,943,0,0,0
19:49:33,946,0,0,0
19:49:33,948,0,0,0
19:49:33,952,0,0,0
19:49:33,954,0,0,0
19:49:33,958,0,0,0
19:49:33,960,0,0,0
19:49:33,963,0,0,0
19:49:33,966,0,0,0
19:49:33,968,0,0,0
19:49:33,971,0,0,0
19:49:33,974,0,0,0
19:49:33,976,0,0,0
19:49:33,979,0,0,0
19:49:33,983,0,0,0
19:49:33,985,0,0,0
19:49:33,988,0,0,0
19:49:33,990,0,0,0
19:49:33,993,0,0,0
19:49:33,997,0,0,0
19:49:34,0,0,0,0
19:49:34,3,0,0,0
19:49:34,5,0,0,0
19:49:34,8,0,0,0
19:49:34,12,0,0,0
19:49:34,14,0,0,0
19:49:34,18,0,0,0
19:49:34,20,0,0,0
19:49:34,23,0,0,0
19:49:34,26,0,0,0
19:49:34,30,0,0,0
19:49:34,32,0,0,0
19:49:34,36,0,0,0
19:49:34,39,0,0,0
19:49:34,43,0,0,0
19:49:34,46,0,0,0
19:49:34,48,0,0,0
19:49:34,51,0,0,0
19:49:34,54,0,0,0
19:49:34,56,0,0,0
19:49:34,59,0,0,0
19:49:34,63,0,0,0
19:49:34,65,0,0,0
19:49:34,68,0,0,0
19:49:34,70,0,0,0
19:49:34,74,0,0,0
19:49:34,76,0,0,0
19:49:34,78,0,0,0
19:49:34,82,0,0,0
19:49:34,85,0,0,0
19:49:34,87,0,0,0
19:49:34,90,0,0,0
19:49:34,93,0,0,0
19:49:34,97,0,0,0
19:49:34,99,0,0,0
19:49:34,102,0,0,0
19:49:34,105,0,0,0
19:49:34,108,0,0,0
19:49:34,112,0,0,0
19:49:34,114,0,0,0
19:49:34,117,0,0,0
19:49:34,120,0,0,0
19:49:34,123,0,0,0
19:49:34,126,0,0,0
19:49:34,129,0,0,0
19:49:34,132,0,0,0
19:49:34,134,0,0,0
19:49:34,138,0,0,0
19:49:34,140,0,0,0
19:49:34,143,0,0,0
19:49:34,146,0,0,0
19:49:34,148,0,0,0
19:49:34,151,0,0,0
19:49:34,154,0,0,0
19:49:34,157,0,0,0
19:49:34,159,0,0,0
19:49:34,162,0,0,0
19:49:34,166,0,0,0
19:49:34,169,0,0,0
19:49:34,172,0,0,0
19:49:34,174,0,0,0
19:49:34,177,0,0,0
19:49:34,179,0,0,0
19:49:34,183,0,0,0
19:49:34,185,0,0,0
19:49:34,189,0,0,0
19:49:34,191,0,0,0
19:49:34,194,0,0,0
19:49:34,197,0,0,0
19:49:34,200,0,0,0
19:49:34,203,0,0,0
19:49:34,206,0,0,0
19:49:34,210,0,0,0
19:49:34,213,0,0,0
19:49:34,216,0,0,0
19:49:34,218,0,0,0
19:49:34,221,0,0,0
19:49:34,224,0,0,0
19:49:34,227,0,0,0
19:49:34,230,0,0,0
19:49:34,233,0,0,0
19:49:34,236,0,0,0
19:49:34,240,0,0,0
19:49:34,243,0,0,0
19:49:34,247,0,0,0
19:49:34,250,0,0,0
19:49:34,253,0,0,0
19:49:34,256,0,0,0
19:49:34,259,0,0,0
19:49:34,263,0,0,0
19:49:34,266,0,0,0
19:49:34,269,0,0,0
19:49:34,272,0,0,0
19:49:34,275,0,0,0
19:49:34,277,0,0,0
19:49:34,280,0,0,0
19:49:34,283,0,0,0
19:49:34,285,0,0,0
19:49:34,288,0,0,0
19:49:34,292,0,0,0
19:49:34,295,0,0,0
19:49:34,298,0,0,0
19:49:34,300,0,0,0
19:49:34,303,0,0,0
19:49:34,306,0,0,0
19:49:34,309,0,0,0
19:49:34,312,0,0,0
19:49:34,315,0,0,0
19:49:34,319,0,0,0
19:49:34,322,0,0,0
19:49:34,325,0,0,0
19:49:34,327,0,0,0
19:49:34,330,0,0,0
19:49:34,333,0,0,0
19:49:34,336,0,0,0
19:49:34,339,0,0,0
19:49:34,342,0,0,0
19:49:34,344,0,0,0
19:49:34,347,0,0,0
19:49:34,349,0,0,0
19:49:34,353,0,0,0
19:49:34,356,0,0,0
19:49:34,359,0,0,0
19:49:34,362,0,0,0
19:49:34,365,0,0,0
19:49:34,368,0,0,0
19:49:34,372,0,0,0
19:49:34,375,0,0,0
19:49:34,377,0,0,0
19:49:34,380,0,0,0
19:49:34,383,0,0,0
19:49:34,387,0,0,0
19:49:34,389,0,0,0
19:49:34,392,0,0,0
19:49:34,396,0,0,0
19:49:34,399,0,0,0
19:49:34,401,0,0,0
19:49:34,404,0,0,0
19:49:34,407,0,0,0
19:49:34,410,0,0,0
19:49:34,412,0,0,0
19:49:34,416,0,0,0
19:49:34,418,0,0,0
19:49:34,421,0,0,0
19:49:34,424,0,0,0
19:49:34,427,0,0,0
19:49:34,430,0,0,0
19:49:34,433,0,0,0
19:49:34,435,0,0,0
19:49:34,437,0,0,0
19:49:34,440,0,0,0
19:49:34,443,0,0,0
19:49:34,447,0,0,0
19:49:34,450,0,0,0
19:49:34,453,0,0,0
19:49:34,456,0,0,0
19:49:34,459,0,0,0
19:49:34,463,0,0,0
19:49:34,465,0,0,0
19:49:34,467,0,0,0
19:49:34,471,0,0,0
19:49:34,474,0,0,0
19:49:34,477,0,0,0
19:49:34,481,0,0,0
19:49:34,483,0,0,0
19:49:34,486,0,0,0
19:49:34,489,0,0,0
19:49:34,492,0,0,0
19:49:34,495,0,0,0
19:49:34,497,0,0,0
19:49:34,499,0,0,0
19:49:34,503,0,0,0
19:49:34,506,0,0,0
19:49:34,509,0,0,0
19:49:34,513,0,0,0
19:49:34,515,0,0,0
19:49:34,518,0,0,0
19:49:34,520,0,0,0
19:49:34,524,0,0,0
19:49:34,526,0,0,0
19:49:34,529,0,0,0
19:49:34,533,0,0,0
19:49:34,537,0,0,0
19:49:34,540,0,0,0
19:49:34,543,0,0,0
19:49:34,546,0,0,0
19:49:34,549,0,0,0
19:49:34,553,0,0,0
19:49:34,555,0,0,0
19:49:34,559,0,0,0
19:49:34,569,0,0,0
19:49:34,572,0,0,0
19:49:34,576,0,0,0
19:49:34,578,0,0,0
19:49:34,581,0,0,0
19:49:34,584,0,0,0
19:49:34,587,0,0,0
19:49:34,590,0,0,0
19:49:34,593,0,0,0
19:49:34,596,0,0,0
19:49:34,598,0,0,0
19:49:34,601,0,0,0
19:49:34,604,0,0,0
19:49:34,606,0,0,0
19:49:34,610,0,0,0
19:49:34,612,0,0,0
19:49:34,616,0,0,0
19:49:34,618,0,0,0
19:49:34,620,0,0,0
19:49:34,624,0,0,0
19:49:34,627,0,0,0
19:49:34,630,0,0,0
19:49:34,633,0,0,0
19:49:34,636,0,0,0
19:49:34,639,0,0,0
19:49:34,641,0,0,0
19:49:34,644,0,0,0
19:49:34,648,0,0,0
19:49:34,650,0,0,0
19:49:34,653,0,0,0
19:49:34,656,0,0,0
19:49:34,659,0,0,0
19:49:34,663,0,0,0
19:49:34,665,0,0,0
19:49:34,668,0,0,0
19:49:34,670,0,0,0
19:49:34,674,0,0,0
19:49:34,677,0,0,0
19:49:34,680,0,0,0
19:49:34,683,0,0,0
19:49:34,686,0,0,0
19:49:34,689,0,0,0
19:49:34,692,0,0,0
19:49:34,695,0,0,0
19:49:34,697,0,0,0
19:49:34,699,0,0,0
19:49:34,702,0,0,0
19:49:34,704,0,0,0
19:49:34,708,0,0,0
19:49:34,710,0,0,0
19:49:34,713,0,0,0
19:49:34,716,0,0,0
19:49:34,720,0,0,0
19:49:34,723,0,0,0
19:49:34,726,0,0,0
19:49:34,729,0,0,0
19:49:34,732,0,0,0
19:49:34,735,0,0,0
19:49:34,738,0,0,0
19:49:34,742,0,0,0
19:49:34,745,0,0,0
19:49:34,747,0,0,0
19:49:34,750,0,0,0
19:49:34,753,0,0,0
19:49:34,756,0,0,0
19:49:34,758,0,0,0
19:49:34,762,0,0,0
19:49:34,765,0,0,0
19:49:34,768,0,0,0
19:49:34,771,0,0,0
19:49:34,773,0,0,0
19:49:34,776,0,0,0
19:49:34,779,0,0,0
19:49:34,781,0,0,0
19:49:34,784,0,0,0
19:49:34,787,0,0,0
19:49:34,790,0,0,0
19:49:34,793,0,0,0
19:49:34,796,0,0,0
19:49:34,798,0,0,0
19:49:34,801,0,0,0
19:49:34,804,0,0,0
19:49:34,808,0,0,0
19:49:34,809,0,0,0
19:49:34,813,0,0,0
19:49:34,816,0,0,0
19:49:34,818,0,0,0
19:49:34,820,0,0,0
19:49:34,823,0,0,0
19:49:34,826,0,0,0
19:49:34,829,0,0,0
19:49:34,832,0,0,0
19:49:34,836,0,0,0
19:49:34,839,0,0,0
19:49:34,844,0,0,0
19:49:34,853,0,0,0
19:49:34,858,0,0,0
19:49:34,860,0,0,0
19:49:34,864,0,0,0
19:49:34,869,0,0,0
19:49:34,870,0,0,0
19:49:34,874,0,0,0
19:49:34,877,0,0,0
19:49:34,879,0,0,0
19:49:34,883,0,0,0
19:49:34,885,0,0,0
19:49:34,888,0,0,0
19:49:34,890,0,0,0
19:49:34,893,0,0,0
19:49:34,896,0,0,0
19:49:34,899,0,0,0
19:49:34,903,0,0,0
19:49:34,905,0,0,0
19:49:34,909,0,0,0
19:49:34,912,0,0,0
19:49:34,915,0,0,0
19:49:34,917,0,0,0
19:49:34,920,0,0,0
19:49:34,923,0,0,0
19:49:34,926,0,0,0
19:49:34,929,0,0,0
19:49:34,932,0,0,0
19:49:34,934,0,0,0
19:49:34,937,0,0,0
19:49:34,939,0,0,0
19:49:34,942,0,0,0
19:49:34,946,0,0,0
19:49:34,948,0,0,0
19:49:34,951,0,0,0
19:49:34,954,0,0,0
19:49:34,958,0,0,0
19:49:34,960,0,0,0
19:49:34,964,0,0,0
19:49:34,966,0,0,0
19:49:34,970,0,0,0
19:49:34,972,0,0,0
19:49:34,976,0,0,0
19:49:34,978,0,0,0
19:49:34,982,0,0,0
19:49:34,984,0,0,0
19:49:34,987,0,0,0
19:49:34,990,0,0,0
19:49:34,993,0,0,0
19:49:34,996,0,0,0
19:49:34,999,0,0,0
19:49:35,1,0,0,0
19:49:35,5,0,0,0
19:49:35,7,0,0,0
19:49:35,10,0,0,0
19:49:35,14,0,0,0
19:49:35,16,0,0,0
19:49:35,19,0,0,0
19:49:35,22,0,0,0
19:49:35,24,0,0,0
19:49:35,27,0,0,0
19:49:35,29,0,0,0
19:49:35,32,0,0,0
19:49:35,37,0,0,0
19:49:35,39,0,0,0
19:49:35,41,0,0,0
19:49:35,44,0,0,0
19:49:35,47,0,0,0
19:49:35,51,0,0,0
19:49:35,54,0,0,0
19:49:35,55,0,0,0
19:49:35,59,0,0,0
19:49:35,62,0,0,0
19:49:35,65,0,0,0
19:49:35,68,0,0,0
19:49:35,71,0,0,0
19:49:35,73,0,0,0
19:49:35,76,0,0,0
19:49:35,79,0,0,0
19:49:35,83,0,0,0
19:49:35,85,0,0,0
19:49:35,88,0,0,0
19:49:35,91,0,0,0
19:49:35,93,0,0,0
19:49:35,95,0,0,0
19:49:35,99,0,0,0
19:49:35,103,0,0,0
19:49:35,105,0,0,0
19:49:35,108,0,0,0
19:49:35,111,0,0,0
19:49:35,115,0,0,0
19:49:35,117,0,0,0
19:49:35,120,0,0,0
19:49:35,122,0,0,0
19:49:35,125,0,0,0
19:49:35,128,0,0,0
19:49:35,131,0,0,0
19:49:35,134,0,0,0
19:49:35,137,0,0,0
19:49:35,139,0,0,0
19:49:35,143,0,0,0
19:49:35,146,0,0,0
19:49:35,149,0,0,0
19:49:35,151,0,0,0
19:49:35,154,0,0,0
19:49:35,156,0,0,0
19:49:35,159,0,0,0
19:49:35,163,0,0,0
19:49:35,165,0,0,0
19:49:35,167,0,0,0
19:49:35,171,0,0,0
19:49:35,173,0,0,0
19:49:35,176,0,0,0
19:49:35,179,0,0,0
19:49:35,182,0,0,0
19:49:35,185,0,0,0
19:49:35,187,0,0,0
19:49:35,190,0,0,0
19:49:35,193,0,0,0
19:49:35,195,0,0,0
19:49:35,198,0,0,0
19:49:35,200,0,0,0
19:49:35,204,0,0,0
19:49:35,206,0,0,0
19:49:35,211,0,0,0
19:49:35,214,0,0,0
19:49:35,216,0,0,0
19:49:35,218,0,0,0
19:49:35,221,0,0,0
19:49:35,224,0,0,0
19:49:35,227,0,0,0
19:49:35,230,0,0,0
19:49:35,233,0,0,0
19:49:35,236,0,0,0
19:49:35,238,0,0,0
19:49:35,242,0,0,0
19:49:35,244,0,0,0
19:49:35,247,0,0,0
19:49:35,249,0,0,0
19:49:35,253,0,0,0
19:49:35,256,0,0,0
19:49:35,259,0,0,0
19:49:35,260,0,0,0
19:49:35,264,0,0,0
19:49:35,267,0,0,0
19:49:35,270,0,0,0
19:49:35,273,0,0,0
19:49:35,277,0,0,0
19:49:35,279,0,0,0
19:49:35,282,0,0,0
19:49:35,285,0,0,0
19:49:35,288,0,0,0
19:49:35,290,0,0,0
19:49:35,293,0,0,0
19:49:35,296,0,0,0
19:49:35,298,0,0,0
19:49:35,303,0,0,0
19:49:35,305,0,0,0
19:49:35,308,0,0,0
19:49:35,310,0,0,0
19:49:35,313,0,0,0
19:49:35,315,0,0,0
19:49:35,319,0,0,0
19:49:35,322,0,0,0
19:49:35,325,0,0,0
19:49:35,327,0,0,0
19:49:35,330,0,0,0
19:49:35,333,0,0,0
19:49:35,335,0,0,0
19:49:35,339,0,0,0
19:49:35,341,0,0,0
19:49:35,344,0,0,0
19:49:35,347,0,0,0
19:49:35,350,0,0,0
19:49:35,353,0,0,0
19:49:35,356,0,0,0
19:49:35,359,0,0,0
19:49:35,363,0,0,0
19:49:35,366,0,0,0
19:49:35,369,0,0,0
19:49:35,372,0,0,0
19:49:35,375,0,0,0
19:49:35,377,0,0,0
19:49:35,380,0,0,0
19:49:35,383,0,0,0
19:49:35,385,0,0,0
19:49:35,388,0,0,0
19:49:35,392,0,0,0
19:49:35,395,0,0,0
19:49:35,397,0,0,0
19:49:35,400,0,0,0
19:49:35,403,0,0,0
19:49:35,406,0,0,0
19:49:35,409,0,0,0
19:49:35,412,0,0,0
19:49:35,414,0,0,0
19:49:35,418,0,0,0
19:49:35,422,0,0,0
19:49:35,425,0,0,0
19:49:35,427,0,0,0
19:49:35,431,0,0,0
19:49:35,433,0,0,0
19:49:35,436,0,0,0
19:49:35,438,0,0,0
19:49:35,442,0,0,0
19:49:35,444,0,0,0
19:49:35,447,0,0,0
19:49:35,449,0,0,0
19:49:35,453,0,0,0
19:49:35,456,0,0,0
19:49:35,459,0,0,0
19:49:35,462,0,0,0
19:49:35,465,0,0,0
19:49:35,467,0,0,0
19:49:35,471,0,0,0
19:49:35,474,0,0,0
19:49:35,476,0,0,0
19:49:35,478,0,0,0
19:49:35,482,0,0,0
19:49:35,484,0,0,0
19:49:35,488,0,0,0
19:49:35,491,0,0,0
19:49:35,494,0,0,0
19:49:35,505,0,0,0
19:49:35,507,0,0,0
19:49:35,510,0,0,0
19:49:35,513,0,0,0
19:49:35,515,0,0,0
19:49:35,519,0,0,0
19:49:35,522,0,0,0
19:49:35,524,0,0,0
19:49:35,527,0,0,0
19:49:35,530,0,0,0
19:49:35,533,0,0,0
19:49:35,537,0,0,0
19:49:35,539,0,0,0
19:49:35,542,0,0,0
19:49:35,544,0,0,0
19:49:35,547,0,0,0
19:49:35,551,0,0,0
19:49:35,553,0,0,0
19:49:35,556,0,0,0
19:49:35,558,0,0,0
19:49:35,560,0,0,0
19:49:35,564,0,0,0
19:49:35,567,0,0,0
19:49:35,570,0,0,0
19:49:35,573,0,0,0
19:49:35,576,0,0,0
19:49:35,578,0,0,0
19:49:35,582,0,0,0
19:49:35,585,0,0,0
19:49:35,587,0,0,0
19:49:35,590,0,0,0
19:49:35,593,0,0,0
19:49:35,596,0,0,0
19:49:35,598,0,0,0
19:49:35,602,0,0,0
19:49:35,604,0,0,0
19:49:35,607,0,0,0
19:49:35,610,0,0,0
19:49:35,614,0,0,0
19:49:35,617,0,0,0
19:49:35,620,0,0,0
19:49:35,623,0,0,0
19:49:35,625,0,0,0
19:49:35,629,0,0,0
19:49:35,632,0,0,0
19:49:35,636,0,0,0
19:49:35,638,0,0,0
19:49:35,642,0,0,0
19:49:35,644,0,0,0
19:49:35,647,0,0,0
19:49:35,649,0,0,0
19:49:35,653,0,0,0
19:49:35,655,0,0,0
19:49:35,657,0,0,0
19:49:35,660,0,0,0
19:49:35,663,0,0,0
19:49:35,665,0,0,0
19:49:35,668,0,0,0
19:49:35,670,0,0,0
19:49:35,674,0,0,0
19:49:35,678,0,0,0
19:49:35,680,0,0,0
19:49:35,683,0,0,0
19:49:35,686,0,0,0
19:49:35,689,0,0,0
19:49:35,692,0,0,0
19:49:35,694,0,0,0
19:49:35,697,0,0,0
19:49:35,700,0,0,0
19:49:35,704,0,0,0
19:49:35,706,0,0,0
19:49:35,710,0,0,0
19:49:35,712,0,0,0
19:49:35,715,0,0,0
19:49:35,717,0,0,0
19:49:35,720,0,0,0
19:49:35,723,0,0,0
19:49:35,726,0,0,0
19:49:35,729,0,0,0
19:49:35,732,0,0,0
19:49:35,734,0,0,0
19:49:35,737,0,0,0
19:49:35,741,0,0,0
19:49:35,743,0,0,0
19:49:35,746,0,0,0
19:49:35,749,0,0,0
19:49:35,752,0,0,0
19:49:35,755,0,0,0
19:49:35,758,0,0,0
19:49:35,761,0,0,0
19:49:35,764,0,0,0
19:49:35,767,0,0,0
19:49:35,769,0,0,0
19:49:35,773,0,0,0
19:49:35,775,0,0,0
19:49:35,779,0,0,0
19:49:35,782,0,0,0
19:49:35,785,0,0,0
19:49:35,787,0,0,0
19:49:35,789,0,0,0
19:49:35,793,0,0,0
19:49:35,796,0,0,0
19:49:35,798,0,0,0
19:49:35,801,0,0,0
19:49:35,804,0,0,0
19:49:35,807,0,0,0
19:49:35,810,0,0,0
19:49:35,813,0,0,0
19:49:35,817,0,0,0
19:49:35,819,0,0,0
19:49:35,823,0,0,0
19:49:35,825,0,0,0
19:49:35,829,0,0,0
19:49:35,832,0,0,0
19:49:35,834,0,0,0
19:49:35,836,0,0,0
19:49:35,839,0,0,0
19:49:35,842,0,0,0
19:49:35,845,0,0,0
19:49:35,847,0,0,0
19:49:35,850,0,0,0
19:49:35,853,0,0,0
19:49:35,855,0,0,0
19:49:35,859,0,0,0
19:49:35,862,0,0,0
19:49:35,864,0,0,0
19:49:35,867,0,0,0
19:49:35,869,0,0,0
19:49:35,873,0,0,0
19:49:35,875,0,0,0
19:49:35,877,0,0,0
19:49:35,880,0,0,0
19:49:35,883,0,0,0
19:49:35,885,0,0,0
19:49:35,887,0,0,0
19:49:35,890,0,0,0
19:49:35,894,0,0,0
19:49:35,897,0,0,0
19:49:35,900,0,0,0
19:49:35,903,0,0,0
19:49:35,906,0,0,0
19:49:35,908,0,0,0
19:49:35,912,0,0,0
19:49:35,915,0,0,0
19:49:35,918,0,0,0
19:49:35,920,0,0,0
19:49:35,923,0,0,0
19:49:35,926,0,0,0
19:49:35,928,0,0,0
19:49:35,930,0,0,0
19:49:35,933,0,0,0
19:49:35,935,0,0,0
19:49:35,939,0,0,0
19:49:35,942,0,0,0
19:49:35,945,0,0,0
19:49:35,947,0,0,0
19:49:35,950,0,0,0
19:49:35,953,0,0,0
19:49:35,956,0,0,0
19:49:35,958,0,0,0
19:49:35,962,0,0,0
19:49:35,964,0,0,0
19:49:35,966,0,0,0
19:49:35,970,0,0,0
19:49:35,973,0,0,0
19:49:35,974,0,0,0
19:49:35,978,0,0,0
19:49:35,980,0,0,0
19:49:35,983,0,0,0
19:49:35,986,0,0,0
19:49:35,990,0,0,0
19:49:35,992,0,0,0
19:49:35,995,0,0,0
19:49:35,997,0,0,0
19:49:35,999,0,0,0
19:49:36,3,0,0,0
19:49:36,6,0,0,0
19:49:36,8,0,0,0
19:49:36,10,0,0,0
19:49:36,13,0,0,0
19:49:36,17,0,0,0
19:49:36,19,0,0,0
19:49:36,22,0,0,0
19:49:36,24,0,0,0
19:49:36,27,0,0,0
19:49:36,30,0,0,0
19:49:36,33,0,0,0
19:49:36,35,0,0,0
19:49:36,38,0,0,0
19:49:36,40,0,0,0
19:49:36,43,0,0,0
19:49:36,47,0,0,0
19:49:36,50,0,0,0
19:49:36,53,0,0,0
19:49:36,55,0,0,0
19:49:36,58,0,0,0
19:49:36,61,0,0,0
19:49:36,64,0,0,0
19:49:36,67,0,0,0
19:49:36,69,0,0,0
19:49:36,73,0,0,0
19:49:36,75,0,0,0
19:49:36,77,0,0,0
19:49:36,81,0,0,0
19:49:36,84,0,0,0
19:49:36,86,0,0,0
19:49:36,89,0,0,0
19:49:36,92,0,0,0
19:49:36,95,0,0,0
19:49:36,97,0,0,0
19:49:36,100,0,0,0
19:49:36,103,0,0,0
19:49:36,106,0,0,0
19:49:36,109,0,0,0
19:49:36,112,0,0,0
19:49:36,114,0,0,0
19:49:36,117,0,0,0
19:49:36,120,0,0,0
19:49:36,123,0,0,0
19:49:36,126,0,0,0
19:49:36,129,0,0,0
19:49:36,132,0,0,0
19:49:36,134,0,0,0
19:49:36,136,0,0,0
19:49:36,139,0,0,0
19:49:36,143,0,0,0
19:49:36,145,0,0,0
19:49:36,148,0,0,0
19:49:36,150,0,0,0
19:49:36,154,0,0,0
19:49:36,156,0,0,0
19:49:36,159,0,0,0
19:49:36,162,0,0,0
19:49:36,164,0,0,0
19:49:36,167,0,0,0
19:49:36,169,0,0,0
19:49:36,172,0,0,0
19:49:36,175,0,0,0
19:49:36,177,0,0,0
19:49:36,181,0,0,0
19:49:36,183,0,0,0
19:49:36,186,0,0,0
19:49:36,190,0,0,0
19:49:36,193,0,0,0
19:49:36,195,0,0,0
19:49:36,198,0,0,0
19:49:36,200,0,0,0
19:49:36,203,0,0,0
19:49:36,207,0,0,0
19:49:36,209,0,0,0
19:49:36,212,0,0,0
19:49:36,215,0,0,0
19:49:36,217,0,0,0
19:49:36,221,0,0,0
19:49:36,224,0,0,0
19:49:36,227,0,0,0
19:49:36,229,0,0,0
19:49:36,232,0,0,0
19:49:36,234,0,0,0
19:49:36,237,0,0,0
19:49:36,241,0,0,0
19:49:36,243,0,0,0
19:49:36,245,0,0,0
19:49:36,248,0,0,0
19:49:36,252,0,0,0
19:49:36,254,0,0,0
19:49:36,257,0,0,0
19:49:36,259,0,0,0
19:49:36,262,0,0,0
19:49:36,264,0,0,0
19:49:36,268,0,0,0
19:49:36,270,0,0,0
19:49:36,273,0,0,0
19:49:36,275,0,0,0
19:49:36,279,0,0,0
19:49:36,280,0,0,0
19:49:36,283,0,0,0
19:49:36,286,0,0,0
19:49:36,288,0,0,0
19:49:36,291,0,0,0
19:49:36,294,0,0,0
19:49:36,298,0,0,0
19:49:36,300,0,0,0
19:49:36,303,0,0,0
19:49:36,306,0,0,0
19:49:36,309,0,0,0
19:49:36,313,0,0,0
19:49:36,316,0,0,0
19:49:36,320,0,0,0
19:49:36,322,0,0,0
19:49:36,324,0,0,0
19:49:36,328,0,0,0
19:49:36,330,0,0,0
19:49:36,333,0,0,0
19:49:36,336,0,0,0
19:49:36,338,0,0,0
19:49:36,341,0,0,0
19:49:36,344,0,0,0
19:49:36,346,0,0,0
19:49:36,349,0,0,0
19:49:36,352,0,0,0
19:49:36,354,0,0,0
19:49:36,357,0,0,0
19:49:36,359,0,0,0
19:49:36,362,0,0,0
19:49:36,365,0,0,0
19:49:36,367,0,0,0
19:49:36,370,0,0,0
19:49:36,372,0,0,0
19:49:36,376,0,0,0
19:49:36,378,0,0,0
19:49:36,381,0,0,0
19:49:36,384,0,0,0
19:49:36,386,0,0,0
19:49:36,388,0,0,0
19:49:36,391,0,0,0
19:49:36,395,0,0,0
19:49:36,398,0,0,0
19:49:36,400,0,0,0
19:49:36,403,0,0,0
19:49:36,406,0,0,0
19:49:36,409,0,0,0
19:49:36,412,0,0,0
19:49:36,414,0,0,0
19:49:36,426,0,0,0
19:49:36,430,0,0,0
19:49:36,433,0,0,0
19:49:36,435,0,0,0
19:49:36,439,0,0,0
19:49:36,442,0,0,0
19:49:36,445,0,0,0
19:49:36,448,0,0,0
19:49:36,450,0,0,0
19:49:36,454,0,0,0
19:49:36,456,0,0,0
19:49:36,460,0,0,0
19:49:36,463,0,0,0
19:49:36,466,0,0,0
19:49:36,468,0,0,0
19:49:36,470,0,0,0
19:49:36,474,0,0,0
19:49:36,476,0,0,0
19:49:36,479,0,0,0
19:49:36,483,0,0,0
19:49:36,485,0,0,0
19:49:36,488,0,0,0
19:49:36,491,0,0,0
19:49:36,494,0,0,0
19:49:36,496,0,0,0
19:49:36,501,0,0,0
19:49:36,504,0,0,0
19:49:36,506,0,0,0
19:49:36,510,0,0,0
19:49:36,512,0,0,0
19:49:36,514,0,0,0
19:49:36,518,0,0,0
19:49:36,521,0,0,0
19:49:36,524,0,0,0
19:49:36,527,0,0,0
19:49:36,529,0,0,0
19:49:36,532,0,0,0
19:49:36,535,0,0,0
19:49:36,538,0,0,0
19:49:36,540,0,0,0
19:49:36,543,0,0,0
19:49:36,545,0,0,0
19:49:36,548,0,0,0
19:49:36,550,0,0,0
19:49:36,554,0,0,0
19:49:36,556,0,0,0
19:49:36,559,0,0,0
19:49:36,562,0,0,0
19:49:36,564,0,0,0
19:49:36,567,0,0,0
19:49:36,569,0,0,0
19:49:36,573,0,0,0
19:49:36,575,0,0,0
19:49:36,578,0,0,0
19:49:36,581,0,0,0
19:49:36,584,0,0,0
19:49:36,587,0,0,0
19:49:36,589,0,0,0
19:49:36,593,0,0,0
19:49:36,595,0,0,0
19:49:36,599,0,0,0
19:49:36,601,0,0,0
19:49:36,605,0,0,0
19:49:36,607,0,0,0
19:49:36,610,0,0,0
19:49:36,613,0,0,0
19:49:36,615,0,0,0
19:49:36,618,0,0,0
19:49:36,621,0,0,0
19:49:36,624,0,0,0
19:49:36,627,0,0,0
19:49:36,629,0,0,0
19:49:36,632,0,0,0
19:49:36,635,0,0,0
19:49:36,637,0,0,0
19:49:36,641,0,0,0
19:49:36,643,0,0,0
19:49:36,645,0,0,0
19:49:36,648,0,0,0
19:49:36,651,0,0,0
19:49:36,653,0,0,0
19:49:36,655,0,0,0
19:49:36,659,0,0,0
19:49:36,660,0,0,0
19:49:36,664,0,0,0
19:49:36,666,0,0,0
19:49:36,669,0,0,0
19:49:36,673,0,0,0
19:49:36,676,0,0,0
19:49:36,678,0,0,0
19:49:36,681,0,0,0
19:49:36,684,0,0,0
19:49:36,687,0,0,0
19:49:36,691,0,0,0
19:49:36,694,0,0,0
19:49:36,697,0,0,0
19:49:36,699,0,0,0
19:49:36,703,0,0,0
19:49:36,706,0,0,0
19:49:36,708,0,0,0
19:49:36,710,0,0,0
19:49:36,713,0,0,0
19:49:36,716,0,0,0
19:49:36,720,0,0,0
19:49:36,722,0,0,0
19:49:36,725,0,0,0
19:49:36,727,0,0,0
19:49:36,729,0,0,0
19:49:36,732,0,0,0
19:49:36,736,0,0,0
19:49:36,738,0,0,0
19:49:36,741,0,0,0
19:49:36,744,0,0,0
19:49:36,746,0,0,0
19:49:36,748,0,0,0
19:49:36,752,0,0,0
19:49:36,755,0,0,0
19:49:36,757,0,0,0
19:49:36,760,0,0,0
19:49:36,763,0,0,0
19:49:36,766,0,0,0
19:49:36,769,0,0,0
19:49:36,772,0,0,0
19:49:36,774,0,0,0
19:49:36,776,0,0,0
19:49:36,779,0,0,0
19:49:36,782,0,0,0
19:49:36,784,0,0,0
19:49:36,787,0,0,0
19:49:36,789,0,0,0
19:49:36,792,0,0,0
19:49:36,794,0,0,0
19:49:36,797,0,0,0
19:49:36,800,0,0,0
19:49:36,803,0,0,0
19:49:36,805,0,0,0
19:49:36,809,0,0,0
19:49:36,812,0,0,0
19:49:36,815,0,0,0
19:49:36,817,0,0,0
19:49:36,820,0,0,0
19:49:36,823,0,0,0
19:49:36,825,0,0,0
19:49:36,829,0,0,0
19:49:36,832,0,0,0
19:49:36,836,0,0,0
19:49:36,838,0,0,0
19:49:36,842,0,0,0
19:49:37,107,0,0,0
19:49:37,116,0,0,0
19:49:37,123,0,0,0
19:49:37,127,0,0,0
19:49:37,131,0,0,0
19:49:37,135,0,0,0
19:49:37,139,0,0,0
19:49:37,143,0,0,0
19:49:37,146,0,0,0
19:49:37,149,0,0,0
19:49:37,152,0,0,0
19:49:37,157,0,0,0
19:49:37,160,0,0,0
19:49:37,164,0,0,0
19:49:37,166,0,0,0
19:49:37,169,0,0,0
19:49:37,173,0,0,0
19:49:37,176,0,0,0
19:49:37,179,0,0,0
19:49:37,183,0,0,0
19:49:37,185,0,0,0
19:49:37,189,0,0,0
19:49:37,193,0,0,0
19:49:37,196,0,0,0
19:49:37,200,0,0,0
19:49:37,203,0,0,0
19:49:37,206,0,0,0
19:49:37,209,0,0,0
19:49:37,213,0,0,0
19:49:37,215,0,0,0
19:49:37,220,0,0,0
19:49:37,222,0,0,0
19:49:37,225,0,0,0
19:49:37,228,0,0,0
19:49:37,231,0,0,0
19:49:37,234,0,0,0
19:49:37,238,0,0,0
19:49:37,240,0,0,0
19:49:37,244,0,0,0
19:49:37,247,0,0,0
19:49:37,250,0,0,0
19:49:37,253,0,0,0
19:49:37,256,0,0,0
19:49:37,260,0,0,0
19:49:37,263,0,0,0
19:49:37,266,0,0,0
19:49:37,268,0,0,0
19:49:37,272,0,0,0
19:49:37,276,0,0,0
19:49:37,278,0,0,0
19:49:37,283,0,0,0
19:49:37,285,0,0,0
19:49:37,288,0,0,0
19:49:37,291,0,0,0
19:49:37,293,0,0,0
19:49:37,297,0,0,0
19:49:37,300,0,0,0
19:49:37,303,0,0,0
19:49:37,305,0,0,0
19:49:37,307,0,0,0
19:49:37,311,0,0,0
19:49:37,313,0,0,0
19:49:37,317,0,0,0
19:49:37,319,0,0,0
19:49:37,322,0,0,0
19:49:37,325,0,0,0
19:49:37,328,0,0,0
19:49:37,331,0,0,0
19:49:37,333,0,0,0
19:49:37,336,0,0,0
19:49:37,339,0,0,0
19:49:37,343,0,0,0
19:49:37,346,0,0,0
19:49:37,348,0,0,0
19:49:37,351,0,0,0
19:49:37,356,0,0,0
19:49:37,359,0,0,0
19:49:37,362,0,0,0
19:49:37,364,0,0,0
19:49:37,367,0,0,0
19:49:37,370,0,0,0
19:49:37,373,0,0,0
19:49:37,376,0,0,0
19:49:37,379,0,0,0
19:49:37,382,0,0,0
19:49:37,384,0,0,0
19:49:37,387,0,0,0
19:49:37,390,0,0,0
19:49:37,393,0,0,0
19:49:37,395,0,0,0
19:49:37,398,0,0,0
19:49:37,401,0,0,0
19:49:37,404,0,0,0
19:49:37,408,0,0,0
19:49:37,410,0,0,0
19:49:37,413,0,0,0
19:49:37,416,0,0,0
19:49:37,419,0,0,0
19:49:37,422,0,0,0
19:49:37,425,0,0,0
19:49:37,427,0,0,0
19:49:37,431,0,0,0
19:49:37,433,0,0,0
19:49:37,436,0,0,0
19:49:37,439,0,0,0
19:49:37,443,0,0,0
19:49:37,446,0,0,0
19:49:37,448,0,0,0
19:49:37,451,0,0,0
19:49:37,454,0,0,0
19:49:37,456,0,0,0
19:49:37,459,0,0,0
19:49:37,463,0,0,0
19:49:37,465,0,0,0
19:49:37,467,0,0,0
19:49:37,471,0,0,0
19:49:37,473,0,0,0
19:49:37,476,0,0,0
19:49:37,479,0,0,0
19:49:37,481,0,0,0
19:49:37,485,0,0,0
19:49:37,487,0,0,0
19:49:37,489,0,0,0
19:49:37,493,0,0,0
19:49:37,496,0,0,0
19:49:37,499,0,0,0
19:49:37,503,0,0,0
19:49:37,505,0,0,0
19:49:37,507,0,0,0
19:49:37,510,0,0,0
19:49:37,513,0,0,0
19:49:37,516,0,0,0
19:49:37,519,0,0,0
19:49:37,522,0,0,0
19:49:37,524,0,0,0
19:49:37,527,0,0,0
19:49:37,529,0,0,0
19:49:37,533,0,0,0
19:49:37,537,0,0,0
19:49:37,540,0,0,0
19:49:37,542,0,0,0
19:49:37,544,0,0,0
19:49:37,547,0,0,0
19:49:37,552,0,0,0
19:49:37,554,0,0,0
19:49:37,556,0,0,0
19:49:37,560,0,0,0
19:49:37,564,0,0,0
19:49:37,566,0,0,0
19:49:37,569,0,0,0
19:49:37,572,0,0,0
19:49:37,575,0,0,0
19:49:37,577,0,0,0
19:49:37,580,0,0,0
19:49:37,583,0,0,0
19:49:37,586,0,0,0
19:49:37,588,0,0,0
19:49:37,591,0,0,0
19:49:37,595,0,0,0
19:49:37,598,0,0,0
19:49:37,600,0,0,0
19:49:37,603,0,0,0
19:49:37,606,0,0,0
19:49:37,609,0,0,0
19:49:37,612,0,0,0
19:49:37,615,0,0,0
19:49:37,617,0,0,0
19:49:37,619,0,0,0
19:49:37,623,0,0,0
19:49:37,627,0,0,0
19:49:37,629,0,0,0
19:49:37,632,0,0,0
19:49:37,635,0,0,0
19:49:37,637,0,0,0
19:49:37,640,0,0,0
19:49:37,644,0,0,0
19:49:37,646,0,0,0
19:49:37,648,0,0,0
19:49:37,652,0,0,0
19:49:37,658,0,0,0
19:49:37,666,0,0,0
19:49:37,670,0,0,0
19:49:37,673,0,0,0
19:49:37,676,0,0,0
19:49:37,679,0,0,0
19:49:37,682,0,0,0
19:49:37,685,0,0,0
19:49:37,688,0,0,0
19:49:37,690,0,0,0
19:49:37,694,0,0,0
19:49:37,697,0,0,0
19:49:37,699,0,0,0
19:49:37,703,0,0,0
19:49:37,705,0,0,0
19:49:37,708,0,0,0
19:49:37,711,0,0,0
19:49:37,714,0,0,0
19:49:37,718,0,0,0
19:49:37,720,0,0,0
19:49:37,723,0,0,0
19:49:37,725,0,0,0
19:49:37,728,0,0,0
19:49:37,732,0,0,0
19:49:37,735,0,0,0
19:49:37,737,0,0,0
19:49:37,740,0,0,0
19:49:37,744,0,0,0
19:49:37,746,0,0,0
19:49:37,749,0,0,0
19:49:37,752,0,0,0
19:49:37,756,0,0,0
19:49:37,759,0,0,0
19:49:37,762,0,0,0
19:49:37,765,0,0,0
19:49:37,768,0,0,0
19:49:37,770,0,0,0
19:49:37,773,0,0,0
19:49:37,776,0,0,0
19:49:37,779,0,0,0
19:49:37,782,0,0,0
19:49:37,784,0,0,0
19:49:37,787,0,0,0
19:49:37,791,0,0,0
19:49:37,794,0,0,0
19:49:37,797,0,0,0
19:49:37,799,0,0,0
19:49:37,802,0,0,0
19:49:37,804,0,0,0
19:49:37,808,0,0,0
19:49:37,810,0,0,0
19:49:37,814,0,0,0
19:49:37,817,0,0,0
19:49:37,820,0,0,0
19:49:37,823,0,0,0
19:49:37,827,0,0,0
19:49:37,830,0,0,0
19:49:37,833,0,0,0
19:49:37,837,0,0,0
19:49:37,840,0,0,0
19:49:37,843,0,0,0
19:49:37,846,0,0,0
19:49:37,847,0,0,0
19:49:37,850,0,0,0
19:49:37,854,0,0,0
19:49:37,856,0,0,0
19:49:37,859,0,0,0
19:49:37,862,0,0,0
19:49:37,864,0,0,0
19:49:37,867,0,0,0
19:49:37,870,0,0,0
19:49:37,873,0,0,0
19:49:37,876,0,0,0
19:49:37,878,0,0,0
19:49:37,880,0,0,0
19:49:37,883,0,0,0
19:49:37,885,0,0,0
19:49:37,888,0,0,0
19:49:37,891,0,0,0
19:49:37,894,0,0,0
19:49:37,897,0,0,0
19:49:37,900,0,0,0
19:49:37,903,0,0,0
19:49:37,906,0,0,0
19:49:37,908,0,0,0
19:49:37,911,0,0,0
19:49:37,914,0,0,0
19:49:37,917,0,0,0
19:49:37,920,0,0,0
19:49:37,923,0,0,0
19:49:37,926,0,0,0
19:49:37,929,0,0,0
19:49:37,931,0,0,0
19:49:37,934,0,0,0
19:49:37,937,0,0,0
19:49:37,940,0,0,0
19:49:37,942,0,0,0
19:49:37,945,0,0,0
19:49:37,947,0,0,0
19:49:37,951,0,0,0
19:49:37,953,0,0,0
19:49:37,956,0,0,0
19:49:37,959,0,0,0
19:49:37,962,0,0,0
19:49:37,964,0,0,0
19:49:37,967,0,0,0
19:49:37,970,0,0,0
19:49:37,973,0,0,0
19:49:37,976,0,0,0
19:49:37,979,0,0,0
19:49:37,983,0,0,0
19:49:37,985,0,0,0
19:49:37,987,0,0,0
19:49:37,991,0,0,0
19:49:37,993,0,0,0
19:49:37,996,0,0,0
19:49:37,999,0,0,0
19:49:38,2,0,0,0
19:49:38,5,0,0,0
19:49:38,8,0,0,0
19:49:38,9,0,0,0
19:49:38,13,0,0,0
19:49:38,16,0,0,0
19:49:38,20,0,0,0
19:49:38,23,0,0,0
19:49:38,25,0,0,0
19:49:38,28,0,0,0
19:49:38,31,0,0,0
19:49:38,34,0,0,0
19:49:38,37,0,0,0
19:49:38,40,0,0,0
19:49:38,43,0,0,0
19:49:38,45,0,0,0
19:49:38,48,0,0,0
19:49:38,51,0,0,0
19:49:38,53,0,0,0
19:49:38,56,0,0,0
19:49:38,60,0,0,0
19:49:38,62,0,0,0
19:49:38,65,0,0,0
19:49:38,67,0,0,0
19:49:38,70,0,0,0
19:49:38,73,0,0,0
19:49:38,77,0,0,0
19:49:38,79,0,0,0
19:49:38,83,0,0,0
19:49:38,85,0,0,0
19:49:38,88,0,0,0
19:49:38,90,0,0,0
19:49:38,94,0,0,0
19:49:38,97,0,0,0
19:49:38,100,0,0,0
19:49:38,103,0,0,0
19:49:38,106,0,0,0
19:49:38,109,0,0,0
19:49:38,112,0,0,0
19:49:38,114,0,0,0
19:49:38,117,0,0,0
19:49:38,120,0,0,0
19:49:38,123,0,0,0
19:49:38,125,0,0,0
19:49:38,128,0,0,0
19:49:38,130,0,0,0
19:49:38,134,0,0,0
19:49:38,137,0,0,0
19:49:38,141,0,0,0
19:49:38,144,0,0,0
19:49:38,147,0,0,0
19:49:38,149,0,0,0
19:49:38,152,0,0,0
19:49:38,154,0,0,0
19:49:38,157,0,0,0
19:49:38,159,0,0,0
19:49:38,163,0,0,0
19:49:38,165,0,0,0
19:49:38,168,0,0,0
19:49:38,171,0,0,0
19:49:38,173,0,0,0
19:49:38,177,0,0,0
19:49:38,179,0,0,0
19:49:38,183,0,0,0
19:49:38,185,0,0,0
19:49:38,188,0,0,0
19:49:38,192,0,0,0
19:49:38,194,0,0,0
19:49:38,198,0,0,0
19:49:38,203,0,0,0
19:49:38,205,0,0,0
19:49:38,207,0,0,0
19:49:38,210,0,0,0
19:49:38,213,0,0,0
19:49:38,216,0,0,0
19:49:38,219,0,0,0
19:49:38,222,0,0,0
19:49:38,225,0,0,0
19:49:38,227,0,0,0
19:49:38,231,0,0,0
19:49:38,233,0,0,0
19:49:38,237,0,0,0
19:49:38,239,0,0,0
19:49:38,243,0,0,0
19:49:38,246,0,0,0
19:49:38,248,0,0,0
19:49:38,250,0,0,0
19:49:38,253,0,0,0
19:49:38,257,0,0,0
19:49:38,260,0,0,0
19:49:38,263,0,0,0
19:49:38,266,0,0,0
19:49:38,269,0,0,0
19:49:38,272,0,0,0
19:49:38,275,0,0,0
19:49:38,278,0,0,0
19:49:38,280,0,0,0
19:49:38,283,0,0,0
19:49:38,287,0,0,0
19:49:38,289,0,0,0
19:49:38,293,0,0,0
19:49:38,295,0,0,0
19:49:38,298,0,0,0
19:49:38,300,0,0,0
19:49:38,304,0,0,0
19:49:38,306,0,0,0
19:49:38,310,0,0,0
19:49:38,313,0,0,0
19:49:38,316,0,0,0
19:49:38,318,0,0,0
19:49:38,321,0,0,0
19:49:38,325,0,0,0
19:49:38,328,0,0,0
19:49:38,330,0,0,0
19:49:38,334,0,0,0
19:49:38,337,0,0,0
19:49:38,340,0,0,0
19:49:38,343,0,0,0
19:49:38,348,0,0,0
19:49:38,350,0,0,0
19:49:38,353,0,0,0
19:49:38,356,0,0,0
19:49:38,358,0,0,0
19:49:38,361,0,0,0
19:49:38,364,0,0,0
19:49:38,367,0,0,0
19:49:38,370,0,0,0
19:49:38,374,0,0,0
19:49:38,376,0,0,0
19:49:38,379,0,0,0
19:49:38,382,0,0,0
19:49:38,385,0,0,0
19:49:38,387,0,0,0
19:49:38,391,0,0,0
19:49:38,394,0,0,0
19:49:38,397,0,0,0
19:49:38,400,0,0,0
19:49:38,404,0,0,0
19:49:38,406,0,0,0
19:49:38,409,0,0,0
19:49:38,413,0,0,0
19:49:38,415,0,0,0
19:49:38,418,0,0,0
19:49:38,422,0,0,0
19:49:38,424,0,0,0
19:49:38,426,0,0,0
19:49:38,429,0,0,0
19:49:38,433,0,0,0
19:49:38,436,0,0,0
19:49:38,438,0,0,0
19:49:38,442,0,0,0
19:49:38,444,0,0,0
19:49:38,447,0,0,0
19:49:38,451,0,0,0
19:49:38,454,0,0,0
19:49:38,456,0,0,0
19:49:38,460,0,0,0
19:49:38,463,0,0,0
19:49:38,466,0,0,0
19:49:38,469,0,0,0
19:49:38,473,0,0,0
19:49:38,477,0,0,0
19:49:38,480,0,0,0
19:49:38,483,0,0,0
19:49:38,485,0,0,0
19:49:38,487,0,0,0
19:49:38,490,0,0,0
19:49:38,493,0,0,0
19:49:38,497,0,0,0
19:49:38,500,0,0,0
19:49:38,503,0,0,0
19:49:38,505,0,0,0
19:49:38,509,0,0,0
19:49:38,512,0,0,0
19:49:38,515,0,0,0
19:49:38,518,0,0,0
19:49:38,520,0,0,0
19:49:38,524,0,0,0
19:49:38,527,0,0,0
19:49:38,530,0,0,0
19:49:38,533,0,0,0
19:49:38,537,0,0,0
19:49:38,539,0,0,0
19:49:38,543,0,0,0
19:49:38,546,0,0,0
19:49:38,548,0,0,0
19:49:38,550,0,0,0
19:49:38,553,0,0,0
19:49:38,557,0,0,0
19:49:38,559,0,0,0
19:49:38,561,0,0,0
19:49:38,565,0,0,0
19:49:38,567,0,0,0
19:49:38,569,0,0,0
19:49:38,573,0,0,0
19:49:38,577,0,0,0
19:49:38,579,0,0,0
19:49:38,582,0,0,0
19:49:38,585,0,0,0
19:49:38,587,0,0,0
19:49:38,591,0,0,0
19:49:38,593,0,0,0
19:49:38,597,0,0,0
19:49:38,599,0,0,0
19:49:38,603,0,0,0
19:49:38,605,0,0,0
19:49:38,608,0,0,0
19:49:38,610,0,0,0
19:49:38,613,0,0,0
19:49:38,616,0,0,0
19:49:38,618,0,0,0
19:49:38,622,0,0,0
19:49:38,624,0,0,0
19:49:38,626,0,0,0
19:49:38,629,0,0,0
19:49:38,632,0,0,0
19:49:38,635,0,0,0
19:49:38,648,0,0,0
19:49:38,653,0,0,0
19:49:38,657,0,0,0
19:49:38,660,0,0,0
19:49:38,664,0,0,0
19:49:38,668,0,0,0
19:49:38,670,0,0,0
19:49:38,674,0,0,0
19:49:38,676,0,0,0
19:49:38,680,0,0,0
19:49:38,682,0,0,0
19:49:38,686,0,0,0
19:49:38,689,0,0,0
19:49:38,692,0,0,0
19:49:38,695,0,0,0
19:49:38,699,0,0,0
19:49:38,703,0,0,0
19:49:38,706,0,0,0
19:49:38,709,0,0,0
19:49:38,713,0,0,0
19:49:38,717,0,0,0
19:49:38,720,0,0,0
19:49:38,723,0,0,0
19:49:38,726,0,0,0
19:49:38,729,0,0,0
19:49:38,733,0,0,0
19:49:38,736,0,0,0
19:49:38,739,0,0,0
19:49:38,743,0,0,0
19:49:38,745,0,0,0
19:49:38,748,0,0,0
19:49:38,752,0,0,0
19:49:38,755,0,0,0
19:49:38,760,0,0,0
19:49:38,762,0,0,0
19:49:38,765,0,0,0
19:49:38,768,0,0,0
19:49:38,771,0,0,0
19:49:38,774,0,0,0
19:49:38,778,0,0,0
19:49:38,782,0,0,0
19:49:38,785,0,0,0
19:49:38,788,0,0,0
19:49:38,791,0,0,0
19:49:38,794,0,0,0
19:49:38,797,0,0,0
19:49:38,801,0,0,0
19:49:38,804,0,0,0
19:49:38,808,0,0,0
19:49:38,810,0,0,0
19:49:38,814,0,0,0
19:49:38,817,0,0,0
19:49:38,821,0,0,0
19:49:38,824,0,0,0
19:49:38,827,0,0,0
19:49:38,831,0,0,0
19:49:38,833,0,0,0
19:49:38,838,0,0,0
19:49:38,841,0,0,0
19:49:38,844,0,0,0
19:49:38,848,0,0,0
19:49:38,852,0,0,0
19:49:38,854,0,0,0
19:49:38,857,0,0,0
19:49:38,861,0,0,0
19:49:38,864,0,0,0
19:49:38,868,0,0,0
19:49:38,872,0,0,0
19:49:38,874,0,0,0
19:49:38,877,0,0,0
19:49:38,881,0,0,0
19:49:38,884,0,0,0
19:49:38,887,0,0,0
19:49:38,889,0,0,0
19:49:38,893,0,0,0
19:49:38,896,0,0,0
19:49:38,899,0,0,0
19:49:38,902,0,0,0
19:49:38,905,0,0,0
19:49:38,909,0,0,0
19:49:38,911,0,0,0
19:49:38,915,0,0,0
19:49:38,918,0,0,0
19:49:38,921,0,0,0
19:49:38,925,0,0,0
19:49:38,928,0,0,0
19:49:38,931,0,0,0
19:49:38,934,0,0,0
19:49:38,937,0,0,0
19:49:38,940,0,0,0
19:49:38,944,0,0,0
19:49:38,948,0,0,0
19:49:38,951,0,0,0
19:49:38,954,0,0,0
19:49:38,957,0,0,0
19:49:38,961,0,0,0
19:49:38,965,0,0,0
19:49:38,967,0,0,0
19:49:38,970,0,0,0
19:49:38,973,0,0,0
19:49:38,976,0,0,0
19:49:38,980,0,0,0
19:49:38,982,0,0,0
19:49:38,986,0,0,0
19:49:38,988,0,0,0
19:49:38,990,0,0,0
19:49:38,993,0,0,0
19:49:38,995,0,0,0
19:49:38,999,0,0,0
19:49:39,0,0,0,0
19:49:39,3,0,0,0
19:49:39,7,0,0,0
19:49:39,10,0,0,0
19:49:39,13,0,0,0
19:49:39,15,0,0,0
19:49:39,18,0,0,0
19:49:39,20,0,0,0
19:49:39,23,0,0,0
19:49:39,27,0,0,0
19:49:39,29,0,0,0
19:49:39,32,0,0,0
19:49:39,35,0,0,0
19:49:39,38,0,0,0
19:49:39,41,0,0,0
19:49:39,43,0,0,0
19:49:39,47,0,0,0
19:49:39,50,0,0,0
19:49:39,54,0,0,0
19:49:39,57,0,0,0
19:49:39,59,0,0,0
19:49:39,64,0,0,0
19:49:39,66,0,0,0
19:49:39,71,0,0,0
19:49:39,73,0,0,0
19:49:39,78,0,0,0
19:49:39,81,0,0,0
19:49:39,85,0,0,0
19:49:39,87,0,0,0
19:49:39,90,0,0,0
19:49:39,94,0,0,0
19:49:39,98,0,0,0
19:49:39,103,0,0,0
19:49:39,106,0,0,0
19:49:39,109,0,0,0
19:49:39,113,0,0,0
19:49:39,118,0,0,0
19:49:39,120,0,0,0
19:49:39,123,0,0,0
19:49:39,126,0,0,0
19:49:39,129,0,0,0
19:49:39,135,0,0,0
19:49:39,139,0,0,0
19:49:39,143,0,0,0
19:49:39,147,0,0,0
19:49:39,150,0,0,0
19:49:39,154,0,0,0
19:49:39,156,0,0,0
19:49:39,160,0,0,0
19:49:39,163,0,0,0
19:49:39,167,0,0,0
19:49:39,170,0,0,0
19:49:39,175,0,0,0
19:49:39,179,0,0,0
19:49:39,182,0,0,0
19:49:39,185,0,0,0
19:49:39,187,0,0,0
19:49:39,190,0,0,0
19:49:39,195,0,0,0
19:49:39,199,0,0,0
19:49:39,202,0,0,0
19:49:39,205,0,0,0
19:49:39,208,0,0,0
19:49:39,210,0,0,0
19:49:39,215,0,0,0
19:49:39,219,0,0,0
19:49:39,222,0,0,0
19:49:39,224,0,0,0
19:49:39,226,0,0,0
19:49:39,230,0,0,0
19:49:39,232,0,0,0
19:49:39,236,0,0,0
19:49:39,239,0,0,0
19:49:39,242,0,0,0
19:49:39,246,0,0,0
19:49:39,249,0,0,0
19:49:39,252,0,0,0
19:49:39,255,0,0,0
19:49:39,259,0,0,0
19:49:39,262,0,0,0
19:49:39,265,0,0,0
19:49:39,267,0,0,0
19:49:39,271,0,0,0
19:49:39,274,0,0,0
19:49:39,278,0,0,0
19:49:39,280,0,0,0
19:49:39,283,0,0,0
19:49:39,287,0,0,0
19:49:39,289,0,0,0
19:49:39,291,0,0,0
19:49:39,296,0,0,0
19:49:39,299,0,0,0
19:49:39,302,0,0,0
19:49:39,305,0,0,0
19:49:39,310,0,0,0
19:49:39,312,0,0,0
19:49:39,315,0,0,0
19:49:39,319,0,0,0
19:49:39,322,0,0,0
19:49:39,325,0,0,0
19:49:39,328,0,0,0
19:49:39,331,0,0,0
19:49:39,335,0,0,0
19:49:39,338,0,0,0
19:49:39,343,0,0,0
19:49:39,345,0,0,0
19:49:39,350,0,0,0
19:49:39,352,0,0,0
19:49:39,354,0,0,0
19:49:39,357,0,0,0
19:49:39,361,0,0,0
19:49:39,363,0,0,0
19:49:39,367,0,0,0
19:49:39,370,0,0,0
19:49:39,374,0,0,0
19:49:39,377,0,0,0
19:49:39,381,0,0,0
19:49:39,383,0,0,0
19:49:39,387,0,0,0
19:49:39,389,0,0,0
19:49:39,392,0,0,0
19:49:39,395,0,0,0
19:49:39,399,0,0,0
19:49:39,402,0,0,0
19:49:39,404,0,0,0
19:49:39,407,0,0,0
19:49:39,410,0,0,0
19:49:39,414,0,0,0
19:49:39,417,0,0,0
19:49:39,420,0,0,0
19:49:39,423,0,0,0
19:49:39,426,0,0,0
19:49:39,431,0,0,0
19:49:39,433,0,0,0
19:49:39,438,0,0,0
19:49:39,442,0,0,0
19:49:39,445,0,0,0
19:49:39,448,0,0,0
19:49:39,450,0,0,0
19:49:39,454,0,0,0
19:49:39,458,0,0,0
19:49:39,461,0,0,0
19:49:39,464,0,0,0
19:49:39,466,0,0,0
19:49:39,470,0,0,0
19:49:39,474,0,0,0
19:49:39,479,0,0,0
19:49:39,482,0,0,0
19:49:39,486,0,0,0
19:49:39,489,0,0,0
19:49:39,494,0,0,0
19:49:39,502,0,0,0
19:49:39,505,0,0,0
19:49:39,509,0,0,0
19:49:39,512,0,0,0
19:49:39,514,0,0,0
19:49:39,518,0,0,0
19:49:39,520,0,0,0
19:49:39,524,0,0,0
19:49:39,526,0,0,0
19:49:39,529,0,0,0
19:49:39,532,0,0,0
19:49:39,536,0,0,0
19:49:39,538,0,0,0
19:49:39,542,0,0,0
19:49:39,543,0,0,0
19:49:39,547,0,0,0
19:49:39,550,0,0,0
19:49:39,553,0,0,0
19:49:39,556,0,0,0
19:49:39,558,0,0,0
19:49:39,561,0,0,0
19:49:39,563,0,0,0
19:49:39,567,0,0,0
19:49:39,570,0,0,0
19:49:39,572,0,0,0
19:49:39,575,0,0,0
19:49:39,577,0,0,0
19:49:39,580,0,0,0
19:49:39,584,0,0,0
19:49:39,586,0,0,0
19:49:39,589,0,0,0
19:49:39,592,0,0,0
19:49:39,594,0,0,0
19:49:39,597,0,0,0
19:49:39,600,0,0,0
19:49:39,603,0,0,0
19:49:39,606,0,0,0
19:49:39,608,0,0,0
19:49:39,610,0,0,0
19:49:39,613,0,0,0
19:49:39,617,0,0,0
19:49:39,619,0,0,0
19:49:39,622,0,0,0
19:49:39,624,0,0,0
19:49:39,628,0,0,0
19:49:39,630,0,0,0
19:49:39,634,0,0,0
19:49:39,636,0,0,0
19:49:39,638,0,0,0
19:49:39,641,0,0,0
19:49:39,644,0,0,0
19:49:39,647,0,0,0
19:49:39,649,0,0,0
19:49:39,652,0,0,0
19:49:39,655,0,0,0
19:49:39,658,0,0,0
19:49:39,661,0,0,0
19:49:39,663,0,0,0
19:49:39,666,0,0,0
19:49:39,668,0,0,0
19:49:39,672,0,0,0
19:49:39,675,0,0,0
19:49:39,678,0,0,0
19:49:39,681,0,0,0
19:49:39,683,0,0,0
19:49:39,685,0,0,0
19:49:39,689,0,0,0
19:49:39,702,0,0,0
19:49:39,708,0,0,0
19:49:39,711,0,0,0
19:49:39,713,0,0,0
19:49:39,727,0,0,0
19:49:39,731,0,0,0
19:49:39,733,0,0,0
19:49:39,735,0,0,0
19:49:39,738,0,0,0
19:49:39,740,0,0,0
19:49:39,743,0,0,0
19:49:39,746,0,0,0
19:49:39,749,0,0,0
19:49:39,752,0,0,0
19:49:39,755,0,0,0
19:49:39,759,0,0,0
19:49:39,761,0,0,0
19:49:39,763,0,0,0
19:49:39,767,0,0,0
19:49:39,769,0,0,0
19:49:39,772,0,0,0
19:49:39,774,0,0,0
19:49:39,777,0,0,0
19:49:39,779,0,0,0
19:49:39,783,0,0,0
19:49:39,786,0,0,0
19:49:39,788,0,0,0
19:49:39,792,0,0,0
19:49:39,794,0,0,0
19:49:39,804,0,0,0
